  Page 1                                    Thu Sep  3 16:05:51 2026

  ******************************************************************
  *                           E P A N E T                          *
  *                   Hydraulic and Water Quality                  *
  *                   Analysis for Pipe Networks                   *
  *                         Version 2.2                            *
  ******************************************************************
  
  Analysis begun Thu Sep  3 16:05:51 2026

   
  Hydraulic Status:
  -----------------------------------------------------------------------
     0:00:00: Balancing the network:

              Trial  1: relative flow change = 2.369137
              PRV PRV-1 switched from active to closed
              PRV PRV-2 switched from active to closed
              Trial  2: relative flow change = 1.777143
              PRV PRV-1 switched from closed to active
              PRV PRV-2 switched from closed to active
              PRV PRV-3 switched from active to open
              Pump PUMP_1 switched from open to closed
              Trial  3: relative flow change = 1.654569
              PRV PRV-3 switched from open to active
              Trial  4: relative flow change = 0.589330
              Pump PUMP_1 switched from closed to open
              Trial  5: relative flow change = 0.993310
              PRV PRV-3 switched from active to open
              Trial  6: relative flow change = 1.012362
              Pump PUMP_1 switched from open to closed
              Trial  7: relative flow change = 4.281578
              PRV PRV-3 switched from open to active
              Trial  8: relative flow change = 1.533678
              PRV PRV-2 switched from active to closed
              Pump PUMP_1 switched from closed to open
              Trial  9: relative flow change = 0.981451
              PRV PRV-2 switched from closed to active
              PRV PRV-3 switched from active to open
              Trial 10: relative flow change = 1.117771
              PRV PRV-3 switched from open to active
              Trial 11: relative flow change = 1.059980
              Trial 12: relative flow change = 0.819235
              Trial 13: relative flow change = 0.602783
              Trial 14: relative flow change = 0.370536
              Trial 15: relative flow change = 0.156201
              Trial 16: relative flow change = 0.031547
              Trial 17: relative flow change = 0.001835
                        maximum  flow change = 1.7196 for Link PRV-1
                        maximum  head error  = 0.0002 for Link PUMP_1

     0:00:00: Balanced after 17 trials
     0:00:00: Reservoir R1 is emptying
     0:00:00: Reservoir R2 is emptying
     0:00:00: Tank T1 is filling at 3.50 m
   
     0:05:00: Balancing the network:

              Trial  1: relative flow change = 0.012495
              Trial  2: relative flow change = 0.002059
                        maximum  flow change = 1.4939 for Link p235
                        maximum  head error  = 0.0000 for Link p235

     0:05:00: Balanced after 2 trials
   
     0:10:00: Balancing the network:

              Trial  1: relative flow change = 0.012797
              Trial  2: relative flow change = 0.002121
                        maximum  flow change = 1.5079 for Link PRV-2
                        maximum  head error  = 0.0000 for Link p235

     0:10:00: Balanced after 2 trials
   
     0:15:00: Balancing the network:

              Trial  1: relative flow change = 0.012810
              Trial  2: relative flow change = 0.002155
                        maximum  flow change = 1.4909 for Link PRV-2
                        maximum  head error  = 0.0000 for Link p235

     0:15:00: Balanced after 2 trials
   
     0:20:00: Balancing the network:

              Trial  1: relative flow change = 0.012673
              Trial  2: relative flow change = 0.002169
                        maximum  flow change = 1.4573 for Link p235
                        maximum  head error  = 0.0000 for Link p235

     0:20:00: Balanced after 2 trials
   
     0:25:00: Balancing the network:

              Trial  1: relative flow change = 0.012552
              Trial  2: relative flow change = 0.002192
                        maximum  flow change = 1.4270 for Link PRV-2
                        maximum  head error  = 0.0000 for Link p235

     0:25:00: Balanced after 2 trials
   
     0:30:00: Balancing the network:

              Trial  1: relative flow change = 0.012552
              Trial  2: relative flow change = 0.002228
                        maximum  flow change = 1.4100 for Link p235
                        maximum  head error  = 0.0000 for Link p235

     0:30:00: Balanced after 2 trials
   
     0:35:00: Balancing the network:

              Trial  1: relative flow change = 0.012612
              Trial  2: relative flow change = 0.002263
                        maximum  flow change = 1.3987 for Link PRV-2
                        maximum  head error  = 0.0000 for Link p235

     0:35:00: Balanced after 2 trials
   
     0:40:00: Balancing the network:

              Trial  1: relative flow change = 0.012855
              Trial  2: relative flow change = 0.002332
                        maximum  flow change = 1.4071 for Link p235
                        maximum  head error  = 0.0000 for Link p235

     0:40:00: Balanced after 2 trials
   
     0:45:00: Balancing the network:

              Trial  1: relative flow change = 0.013026
              Trial  2: relative flow change = 0.002357
                        maximum  flow change = 1.4040 for Link PRV-2
                        maximum  head error  = 0.0000 for Link p235

     0:45:00: Balanced after 2 trials
   
     0:50:00: Balancing the network:

              Trial  1: relative flow change = 0.013136
              Trial  2: relative flow change = 0.002383
                        maximum  flow change = 1.3952 for Link PRV-2
                        maximum  head error  = 0.0000 for Link p235

     0:50:00: Balanced after 2 trials
   
     0:55:00: Balancing the network:

              Trial  1: relative flow change = 0.013048
              Trial  2: relative flow change = 0.002342
                        maximum  flow change = 1.3629 for Link PRV-2
                        maximum  head error  = 0.0000 for Link p235

     0:55:00: Balanced after 2 trials
   
     1:00:00: Balancing the network:

              Trial  1: relative flow change = 0.012884
              Trial  2: relative flow change = 0.002301
                        maximum  flow change = 1.3248 for Link PRV-2
                        maximum  head error  = 0.0000 for Link p235

     1:00:00: Balanced after 2 trials
   
     1:05:00: Balancing the network:

              Trial  1: relative flow change = 0.012508
              Trial  2: relative flow change = 0.002205
                        maximum  flow change = 1.2650 for Link p235
                        maximum  head error  = 0.0000 for Link p235

     1:05:00: Balanced after 2 trials
   
     1:10:00: Balancing the network:

              Trial  1: relative flow change = 0.012145
              Trial  2: relative flow change = 0.002133
                        maximum  flow change = 1.2104 for Link p235
                        maximum  head error  = 0.0000 for Link p235

     1:10:00: Balanced after 2 trials
   
     1:15:00: Balancing the network:

              Trial  1: relative flow change = 0.011890
              Trial  2: relative flow change = 0.002078
                        maximum  flow change = 1.1679 for Link p235
                        maximum  head error  = 0.0000 for Link p235

     1:15:00: Balanced after 2 trials
   
     1:20:00: Balancing the network:

              Trial  1: relative flow change = 0.011775
              Trial  2: relative flow change = 0.002051
                        maximum  flow change = 1.1406 for Link PRV-2
                        maximum  head error  = 0.0000 for Link p235

     1:20:00: Balanced after 2 trials
   
     1:25:00: Balancing the network:

              Trial  1: relative flow change = 0.011762
              Trial  2: relative flow change = 0.002069
                        maximum  flow change = 1.1261 for Link p235
                        maximum  head error  = 0.0000 for Link p235

     1:25:00: Balanced after 2 trials
   
     1:30:00: Balancing the network:

              Trial  1: relative flow change = 0.011900
              Trial  2: relative flow change = 0.002120
                        maximum  flow change = 1.1269 for Link PRV-2
                        maximum  head error  = 0.0000 for Link p235

     1:30:00: Balanced after 2 trials
   
     1:35:00: Balancing the network:

              Trial  1: relative flow change = 0.012014
              Trial  2: relative flow change = 0.002162
                        maximum  flow change = 1.1244 for Link PRV-2
                        maximum  head error  = 0.0000 for Link p235

     1:35:00: Balanced after 2 trials
   
     1:40:00: Balancing the network:

              Trial  1: relative flow change = 0.011974
              Trial  2: relative flow change = 0.002190
                        maximum  flow change = 1.1086 for Link p235
                        maximum  head error  = 0.0000 for Link p235

     1:40:00: Balanced after 2 trials
   
     1:45:00: Balancing the network:

              Trial  1: relative flow change = 0.011737
              Trial  2: relative flow change = 0.002171
                        maximum  flow change = 1.0743 for Link p235
                        maximum  head error  = 0.0000 for Link p235

     1:45:00: Balanced after 2 trials
   
     1:50:00: Balancing the network:

              Trial  1: relative flow change = 0.011231
              Trial  2: relative flow change = 0.002080
                        maximum  flow change = 1.0152 for Link PRV-2
                        maximum  head error  = 0.0000 for Link p235

     1:50:00: Balanced after 2 trials
   
     1:55:00: Balancing the network:

              Trial  1: relative flow change = 0.010534
              Trial  2: relative flow change = 0.001947
                        maximum  flow change = 0.9407 for Link p235
                        maximum  head error  = 0.0000 for Link p235

     1:55:00: Balanced after 2 trials
   
     2:00:00: Balancing the network:

              Trial  1: relative flow change = 0.009523
                        maximum  flow change = 0.8401 for Link p110
                        maximum  head error  = 0.0000 for Link p110

     2:00:00: Balanced after 1 trials
   
     2:05:00: Balancing the network:

              Trial  1: relative flow change = 0.010090
              Trial  2: relative flow change = 0.001598
                        maximum  flow change = 0.7811 for Link PRV-2
                        maximum  head error  = 0.0000 for Link p235

     2:05:00: Balanced after 2 trials
   
     2:10:00: Balancing the network:

              Trial  1: relative flow change = 0.007798
                        maximum  flow change = 0.6719 for Link p110
                        maximum  head error  = 0.0000 for Link p110

     2:10:00: Balanced after 1 trials
   
     2:15:00: Balancing the network:

              Trial  1: relative flow change = 0.008308
                        maximum  flow change = 0.6802 for Link p235
                        maximum  head error  = 0.0000 for Link p110

     2:15:00: Balanced after 1 trials
   
     2:20:00: Balancing the network:

              Trial  1: relative flow change = 0.007878
                        maximum  flow change = 0.6395 for Link p235
                        maximum  head error  = 0.0000 for Link p110

     2:20:00: Balanced after 1 trials
   
     2:25:00: Balancing the network:

              Trial  1: relative flow change = 0.007696
                        maximum  flow change = 0.6019 for Link p235
                        maximum  head error  = 0.0000 for Link p110

     2:25:00: Balanced after 1 trials
   
     2:29:41: Pump PUMP_1 changed by Tank T1 control
     2:29:41: Balancing the network:

              Trial  1: relative flow change = 1.264352
              Trial  2: relative flow change = 0.097664
              Trial  3: relative flow change = 0.005023
                        maximum  flow change = 0.1249 for Link p387
                        maximum  head error  = 0.0000 for Link p374

     2:29:41: Balanced after 3 trials
     2:29:41: Tank T1 is emptying at 3.90 m
     2:29:41: Pump PUMP_1 changed from open to closed
   
     2:30:00: Balancing the network:

              Trial  1: relative flow change = 0.015650
              Trial  2: relative flow change = 0.002924
                        maximum  flow change = 0.5541 for Link p235
                        maximum  head error  = 0.0000 for Link p235

     2:30:00: Balanced after 2 trials
   
     2:35:00: Balancing the network:

              Trial  1: relative flow change = 0.016205
              Trial  2: relative flow change = 0.003105
                        maximum  flow change = 0.5667 for Link p235
                        maximum  head error  = 0.0000 for Link p235

     2:35:00: Balanced after 2 trials
   
     2:40:00: Balancing the network:

              Trial  1: relative flow change = 0.016552
              Trial  2: relative flow change = 0.003269
                        maximum  flow change = 0.5703 for Link PRV-2
                        maximum  head error  = 0.0000 for Link p235

     2:40:00: Balanced after 2 trials
   
     2:45:00: Balancing the network:

              Trial  1: relative flow change = 0.016898
              Trial  2: relative flow change = 0.003386
                        maximum  flow change = 0.5721 for Link p235
                        maximum  head error  = 0.0000 for Link p235

     2:45:00: Balanced after 2 trials
   
     2:50:00: Balancing the network:

              Trial  1: relative flow change = 0.016797
              Trial  2: relative flow change = 0.003409
                        maximum  flow change = 0.5586 for Link p235
                        maximum  head error  = 0.0000 for Link p235

     2:50:00: Balanced after 2 trials
   
     2:55:00: Balancing the network:

              Trial  1: relative flow change = 0.015897
              Trial  2: relative flow change = 0.003245
                        maximum  flow change = 0.5193 for Link PRV-2
                        maximum  head error  = 0.0000 for Link p235

     2:55:00: Balanced after 2 trials
   
     3:00:00: Balancing the network:

              Trial  1: relative flow change = 0.014764
              Trial  2: relative flow change = 0.002999
                        maximum  flow change = 0.4736 for Link p235
                        maximum  head error  = 0.0000 for Link p235

     3:00:00: Balanced after 2 trials
   
     3:05:00: Balancing the network:

              Trial  1: relative flow change = 0.013258
              Trial  2: relative flow change = 0.002708
                        maximum  flow change = 0.4190 for Link p235
                        maximum  head error  = 0.0000 for Link p235

     3:05:00: Balanced after 2 trials
   
     3:10:00: Balancing the network:

              Trial  1: relative flow change = 0.011504
              Trial  2: relative flow change = 0.002331
                        maximum  flow change = 0.3582 for Link PRV-2
                        maximum  head error  = 0.0000 for Link p235

     3:10:00: Balanced after 2 trials
   
     3:15:00: Balancing the network:

              Trial  1: relative flow change = 0.009784
                        maximum  flow change = 0.3023 for Link p110
                        maximum  head error  = 0.0000 for Link p110

     3:15:00: Balanced after 1 trials
   
     3:20:00: Balancing the network:

              Trial  1: relative flow change = 0.009803
                        maximum  flow change = 0.3056 for Link p235
                        maximum  head error  = 0.0000 for Link p110

     3:20:00: Balanced after 1 trials
   
     3:25:00: Balancing the network:

              Trial  1: relative flow change = 0.008769
                        maximum  flow change = 0.2686 for Link p235
                        maximum  head error  = 0.0000 for Link p110

     3:25:00: Balanced after 1 trials
   
     3:30:00: Balancing the network:

              Trial  1: relative flow change = 0.008185
                        maximum  flow change = 0.2391 for Link p235
                        maximum  head error  = 0.0000 for Link p110

     3:30:00: Balanced after 1 trials
   
     3:35:00: Balancing the network:

              Trial  1: relative flow change = 0.008138
                        maximum  flow change = 0.2227 for Link p235
                        maximum  head error  = 0.0000 for Link p110

     3:35:00: Balanced after 1 trials
   
     3:40:00: Balancing the network:

              Trial  1: relative flow change = 0.008816
                        maximum  flow change = 0.2346 for Link p110
                        maximum  head error  = 0.0000 for Link p110

     3:40:00: Balanced after 1 trials
   
     3:45:00: Balancing the network:

              Trial  1: relative flow change = 0.009437
                        maximum  flow change = 0.2462 for Link p110
                        maximum  head error  = 0.0000 for Link p110

     3:45:00: Balanced after 1 trials
   
     3:50:00: Balancing the network:

              Trial  1: relative flow change = 0.010018
              Trial  2: relative flow change = 0.001549
                        maximum  flow change = 0.2572 for Link PRV-2
                        maximum  head error  = 0.0000 for Link p235

     3:50:00: Balanced after 2 trials
   
     3:55:00: Balancing the network:

              Trial  1: relative flow change = 0.008702
                        maximum  flow change = 0.2427 for Link p110
                        maximum  head error  = 0.0000 for Link p110

     3:55:00: Balanced after 1 trials
   
     4:00:00: Balancing the network:

              Trial  1: relative flow change = 0.009462
                        maximum  flow change = 0.2459 for Link p235
                        maximum  head error  = 0.0000 for Link p110

     4:00:00: Balanced after 1 trials
   
     4:05:00: Balancing the network:

              Trial  1: relative flow change = 0.007988
                        maximum  flow change = 0.2379 for Link p235
                        maximum  head error  = 0.0000 for Link p110

     4:05:00: Balanced after 1 trials
   
     4:10:00: Balancing the network:

              Trial  1: relative flow change = 0.005926
                        maximum  flow change = 0.1957 for Link p235
                        maximum  head error  = 0.0000 for Link p110

     4:10:00: Balanced after 1 trials
   
     4:15:00: Balancing the network:

              Trial  1: relative flow change = 0.003675
                        maximum  flow change = 0.1445 for Link p235
                        maximum  head error  = 0.0000 for Link p235

     4:15:00: Balanced after 1 trials
   
     4:20:00: Balancing the network:

              Trial  1: relative flow change = 0.001575
                        maximum  flow change = 0.0881 for Link p235
                        maximum  head error  = 0.0000 for Link p235

     4:20:00: Balanced after 1 trials
   
     4:25:00: Balancing the network:

              Trial  1: relative flow change = 0.001111
                        maximum  flow change = 0.0363 for Link PRV-2
                        maximum  head error  = 0.0000 for Link p319

     4:25:00: Balanced after 1 trials
   
     4:30:00: Balancing the network:

              Trial  1: relative flow change = 0.002110
                        maximum  flow change = 0.0417 for Link p110
                        maximum  head error  = 0.0000 for Link p164

     4:30:00: Balanced after 1 trials
   
     4:35:00: Balancing the network:

              Trial  1: relative flow change = 0.003388
                        maximum  flow change = 0.0771 for Link p110
                        maximum  head error  = 0.0000 for Link p110

     4:35:00: Balanced after 1 trials
   
     4:40:00: Balancing the network:

              Trial  1: relative flow change = 0.004475
                        maximum  flow change = 0.1078 for Link p110
                        maximum  head error  = 0.0000 for Link p110

     4:40:00: Balanced after 1 trials
   
     4:45:00: Balancing the network:

              Trial  1: relative flow change = 0.005944
                        maximum  flow change = 0.1495 for Link p110
                        maximum  head error  = 0.0000 for Link p110

     4:45:00: Balanced after 1 trials
   
     4:50:00: Balancing the network:

              Trial  1: relative flow change = 0.008201
                        maximum  flow change = 0.2116 for Link p110
                        maximum  head error  = 0.0000 for Link p110

     4:50:00: Balanced after 1 trials
   
     4:55:00: Balancing the network:

              Trial  1: relative flow change = 0.011263
              Trial  2: relative flow change = 0.001750
                        maximum  flow change = 0.2956 for Link p235
                        maximum  head error  = 0.0000 for Link p235

     4:55:00: Balanced after 2 trials
   
     5:00:00: Balancing the network:

              Trial  1: relative flow change = 0.013500
              Trial  2: relative flow change = 0.002272
                        maximum  flow change = 0.3862 for Link PRV-2
                        maximum  head error  = 0.0000 for Link p235

     5:00:00: Balanced after 2 trials
   
     5:05:00: Balancing the network:

              Trial  1: relative flow change = 0.017370
              Trial  2: relative flow change = 0.002864
                        maximum  flow change = 0.5051 for Link PRV-2
                        maximum  head error  = 0.0000 for Link p235

     5:05:00: Balanced after 2 trials
   
     5:10:00: Balancing the network:

              Trial  1: relative flow change = 0.021282
              Trial  2: relative flow change = 0.003330
                        maximum  flow change = 0.6295 for Link p235
                        maximum  head error  = 0.0000 for Link p235

     5:10:00: Balanced after 2 trials
   
     5:15:00: Balancing the network:

              Trial  1: relative flow change = 0.025330
              Trial  2: relative flow change = 0.003743
                        maximum  flow change = 0.7654 for Link PRV-2
                        maximum  head error  = 0.0000 for Link p235

     5:15:00: Balanced after 2 trials
   
     5:20:00: Balancing the network:

              Trial  1: relative flow change = 0.029505
              Trial  2: relative flow change = 0.004083
                        maximum  flow change = 0.9165 for Link p227
                        maximum  head error  = 0.0000 for Link p235

     5:20:00: Balanced after 2 trials
   
     5:25:00: Balancing the network:

              Trial  1: relative flow change = 0.033857
              Trial  2: relative flow change = 0.004358
                        maximum  flow change = 1.0921 for Link PRV-1
                        maximum  head error  = 0.0000 for Link p235

     5:25:00: Balanced after 2 trials
   
     5:30:00: Balancing the network:

              Trial  1: relative flow change = 0.038888
              Trial  2: relative flow change = 0.004753
                        maximum  flow change = 1.3097 for Link PRV-1
                        maximum  head error  = 0.0000 for Link p235

     5:30:00: Balanced after 2 trials
   
     5:35:00: Balancing the network:

              Trial  1: relative flow change = 0.044776
              Trial  2: relative flow change = 0.005204
                        maximum  flow change = 1.5851 for Link p227
                        maximum  head error  = 0.0000 for Link p235

     5:35:00: Balanced after 2 trials
   
     5:40:00: Balancing the network:

              Trial  1: relative flow change = 0.051205
              Trial  2: relative flow change = 0.005834
                        maximum  flow change = 1.9193 for Link PRV-1
                        maximum  head error  = 0.0000 for Link p235

     5:40:00: Balanced after 2 trials
   
     5:45:00: Balancing the network:

              Trial  1: relative flow change = 0.057715
              Trial  2: relative flow change = 0.006519
                        maximum  flow change = 2.3074 for Link PRV-1
                        maximum  head error  = 0.0001 for Link p235

     5:45:00: Balanced after 2 trials
   
     5:50:00: Balancing the network:

              Trial  1: relative flow change = 0.063501
              Trial  2: relative flow change = 0.007212
                        maximum  flow change = 2.7265 for Link p227
                        maximum  head error  = 0.0001 for Link p235

     5:50:00: Balanced after 2 trials
   
     5:55:00: Balancing the network:

              Trial  1: relative flow change = 0.067673
              Trial  2: relative flow change = 0.007790
                        maximum  flow change = 3.1368 for Link p227
                        maximum  head error  = 0.0001 for Link p235

     5:55:00: Balanced after 2 trials
   
     6:00:00: Balancing the network:

              Trial  1: relative flow change = 0.069477
              Trial  2: relative flow change = 0.008158
                        maximum  flow change = 3.4850 for Link p227
                        maximum  head error  = 0.0001 for Link p235

     6:00:00: Balanced after 2 trials
   
     6:05:00: Balancing the network:

              Trial  1: relative flow change = 0.068815
              Trial  2: relative flow change = 0.008269
                        maximum  flow change = 3.7335 for Link PRV-1
                        maximum  head error  = 0.0002 for Link p235

     6:05:00: Balanced after 2 trials
   
     6:10:00: Balancing the network:

              Trial  1: relative flow change = 0.065547
              Trial  2: relative flow change = 0.008094
                        maximum  flow change = 3.8338 for Link p227
                        maximum  head error  = 0.0002 for Link p235

     6:10:00: Balanced after 2 trials
   
     6:15:00: Balancing the network:

              Trial  1: relative flow change = 0.060345
              Trial  2: relative flow change = 0.007703
                        maximum  flow change = 3.7833 for Link PRV-1
                        maximum  head error  = 0.0002 for Link p235

     6:15:00: Balanced after 2 trials
   
     6:20:00: Balancing the network:

              Trial  1: relative flow change = 0.053827
              Trial  2: relative flow change = 0.007112
                        maximum  flow change = 3.5905 for Link p227
                        maximum  head error  = 0.0001 for Link p235

     6:20:00: Balanced after 2 trials
   
     6:25:00: Balancing the network:

              Trial  1: relative flow change = 0.046787
              Trial  2: relative flow change = 0.006461
                        maximum  flow change = 3.2972 for Link PRV-2
                        maximum  head error  = 0.0001 for Link p235

     6:25:00: Balanced after 2 trials
   
     6:30:00: Balancing the network:

              Trial  1: relative flow change = 0.040074
              Trial  2: relative flow change = 0.005778
                        maximum  flow change = 2.9728 for Link PRV-2
                        maximum  head error  = 0.0001 for Link p235

     6:30:00: Balanced after 2 trials
   
     6:35:00: Balancing the network:

              Trial  1: relative flow change = 0.034317
              Trial  2: relative flow change = 0.005210
                        maximum  flow change = 2.6649 for Link p235
                        maximum  head error  = 0.0001 for Link p235

     6:35:00: Balanced after 2 trials
   
     6:40:00: Balancing the network:

              Trial  1: relative flow change = 0.029988
              Trial  2: relative flow change = 0.004754
                        maximum  flow change = 2.4237 for Link PRV-2
                        maximum  head error  = 0.0001 for Link p235

     6:40:00: Balanced after 2 trials
   
     6:45:00: Balancing the network:

              Trial  1: relative flow change = 0.027236
              Trial  2: relative flow change = 0.004459
                        maximum  flow change = 2.2809 for Link p235
                        maximum  head error  = 0.0001 for Link p235

     6:45:00: Balanced after 2 trials
   
     6:50:00: Balancing the network:

              Trial  1: relative flow change = 0.025979
              Trial  2: relative flow change = 0.004332
                        maximum  flow change = 2.2474 for Link p235
                        maximum  head error  = 0.0001 for Link p235

     6:50:00: Balanced after 2 trials
   
     6:55:00: Balancing the network:

              Trial  1: relative flow change = 0.025793
              Trial  2: relative flow change = 0.004328
                        maximum  flow change = 2.3008 for Link PRV-2
                        maximum  head error  = 0.0001 for Link p235

     6:55:00: Balanced after 2 trials
   
     7:00:00: Balancing the network:

              Trial  1: relative flow change = 0.025895
              Trial  2: relative flow change = 0.004331
                        maximum  flow change = 2.3793 for Link PRV-2
                        maximum  head error  = 0.0001 for Link p235

     7:00:00: Balanced after 2 trials
   
     7:05:00: Balancing the network:

              Trial  1: relative flow change = 0.025999
              Trial  2: relative flow change = 0.004360
                        maximum  flow change = 2.4626 for Link PRV-2
                        maximum  head error  = 0.0001 for Link p235

     7:05:00: Balanced after 2 trials
   
     7:10:00: Balancing the network:

              Trial  1: relative flow change = 0.025334
              Trial  2: relative flow change = 0.004286
                        maximum  flow change = 2.4739 for Link p235
                        maximum  head error  = 0.0001 for Link p235

     7:10:00: Balanced after 2 trials
   
     7:15:00: Balancing the network:

              Trial  1: relative flow change = 0.023782
              Trial  2: relative flow change = 0.004110
                        maximum  flow change = 2.3938 for Link PRV-2
                        maximum  head error  = 0.0001 for Link p235

     7:15:00: Balanced after 2 trials
   
     7:20:00: Balancing the network:

              Trial  1: relative flow change = 0.021339
              Trial  2: relative flow change = 0.003835
                        maximum  flow change = 2.2134 for Link PRV-2
                        maximum  head error  = 0.0001 for Link p235

     7:20:00: Balanced after 2 trials
   
     7:25:00: Balancing the network:

              Trial  1: relative flow change = 0.018186
              Trial  2: relative flow change = 0.003457
                        maximum  flow change = 1.9411 for Link PRV-2
                        maximum  head error  = 0.0000 for Link p235

     7:25:00: Balanced after 2 trials
   
     7:30:00: Balancing the network:

              Trial  1: relative flow change = 0.014711
              Trial  2: relative flow change = 0.003030
                        maximum  flow change = 1.6145 for Link PRV-2
                        maximum  head error  = 0.0000 for Link p235

     7:30:00: Balanced after 2 trials
   
     7:35:00: Balancing the network:

              Trial  1: relative flow change = 0.011378
              Trial  2: relative flow change = 0.002616
                        maximum  flow change = 1.2848 for Link p235
                        maximum  head error  = 0.0000 for Link p235

     7:35:00: Balanced after 2 trials
   
     7:40:00: Balancing the network:

              Trial  1: relative flow change = 0.008399
                        maximum  flow change = 0.9770 for Link p110
                        maximum  head error  = 0.0000 for Link p110

     7:40:00: Balanced after 1 trials
   
     7:45:00: Balancing the network:

              Trial  1: relative flow change = 0.007761
                        maximum  flow change = 0.9854 for Link p235
                        maximum  head error  = 0.0000 for Link p110

     7:45:00: Balanced after 1 trials
   
     7:50:00: Balancing the network:

              Trial  1: relative flow change = 0.006024
                        maximum  flow change = 0.7983 for Link p235
                        maximum  head error  = 0.0000 for Link p110

     7:50:00: Balanced after 1 trials
   
     7:55:00: Balancing the network:

              Trial  1: relative flow change = 0.004935
                        maximum  flow change = 0.6251 for Link p235
                        maximum  head error  = 0.0000 for Link p110

     7:55:00: Balanced after 1 trials
   
     8:00:00: Balancing the network:

              Trial  1: relative flow change = 0.004507
                        maximum  flow change = 0.5196 for Link p235
                        maximum  head error  = 0.0000 for Link p110

     8:00:00: Balanced after 1 trials
   
     8:05:00: Balancing the network:

              Trial  1: relative flow change = 0.004395
                        maximum  flow change = 0.4828 for Link p235
                        maximum  head error  = 0.0000 for Link p110

     8:05:00: Balanced after 1 trials
   
     8:10:00: Balancing the network:

              Trial  1: relative flow change = 0.004531
                        maximum  flow change = 0.4915 for Link p110
                        maximum  head error  = 0.0000 for Link p110

     8:10:00: Balanced after 1 trials
   
     8:15:00: Balancing the network:

              Trial  1: relative flow change = 0.004709
                        maximum  flow change = 0.5133 for Link p110
                        maximum  head error  = 0.0000 for Link p110

     8:15:00: Balanced after 1 trials
   
     8:20:00: Balancing the network:

              Trial  1: relative flow change = 0.004783
                        maximum  flow change = 0.5224 for Link p110
                        maximum  head error  = 0.0000 for Link p110

     8:20:00: Balanced after 1 trials
   
     8:25:00: Balancing the network:

              Trial  1: relative flow change = 0.004711
                        maximum  flow change = 0.5272 for Link p235
                        maximum  head error  = 0.0000 for Link p110

     8:25:00: Balanced after 1 trials
   
     8:30:00: Balancing the network:

              Trial  1: relative flow change = 0.004569
                        maximum  flow change = 0.5190 for Link p235
                        maximum  head error  = 0.0000 for Link p110

     8:30:00: Balanced after 1 trials
   
     8:35:00: Balancing the network:

              Trial  1: relative flow change = 0.004313
                        maximum  flow change = 0.5048 for Link p235
                        maximum  head error  = 0.0000 for Link p110

     8:35:00: Balanced after 1 trials
   
     8:40:00: Balancing the network:

              Trial  1: relative flow change = 0.003965
                        maximum  flow change = 0.4765 for Link p235
                        maximum  head error  = 0.0000 for Link p110

     8:40:00: Balanced after 1 trials
   
     8:45:00: Balancing the network:

              Trial  1: relative flow change = 0.003625
                        maximum  flow change = 0.4378 for Link p235
                        maximum  head error  = 0.0000 for Link p110

     8:45:00: Balanced after 1 trials
   
     8:50:00: Balancing the network:

              Trial  1: relative flow change = 0.003243
                        maximum  flow change = 0.4006 for Link p235
                        maximum  head error  = 0.0000 for Link p110

     8:50:00: Balanced after 1 trials
   
     8:55:00: Balancing the network:

              Trial  1: relative flow change = 0.002775
                        maximum  flow change = 0.3582 for Link p235
                        maximum  head error  = 0.0000 for Link p110

     8:55:00: Balanced after 1 trials
   
     9:00:00: Balancing the network:

              Trial  1: relative flow change = 0.002438
                        maximum  flow change = 0.3052 for Link p235
                        maximum  head error  = 0.0000 for Link p110

     9:00:00: Balanced after 1 trials
   
     9:05:00: Balancing the network:

              Trial  1: relative flow change = 0.002080
                        maximum  flow change = 0.2698 for Link p235
                        maximum  head error  = 0.0000 for Link p110

     9:05:00: Balanced after 1 trials
   
     9:10:00: Balancing the network:

              Trial  1: relative flow change = 0.001833
                        maximum  flow change = 0.2298 for Link p235
                        maximum  head error  = 0.0000 for Link p110

     9:10:00: Balanced after 1 trials
   
     9:15:00: Balancing the network:

              Trial  1: relative flow change = 0.001771
                        maximum  flow change = 0.2042 for Link p235
                        maximum  head error  = 0.0000 for Link p110

     9:15:00: Balanced after 1 trials
   
     9:20:00: Balancing the network:

              Trial  1: relative flow change = 0.001732
                        maximum  flow change = 0.1995 for Link p235
                        maximum  head error  = 0.0000 for Link p110

     9:20:00: Balanced after 1 trials
   
     9:25:00: Balancing the network:

              Trial  1: relative flow change = 0.001838
                        maximum  flow change = 0.2063 for Link p110
                        maximum  head error  = 0.0000 for Link p110

     9:25:00: Balanced after 1 trials
   
     9:30:00: Balancing the network:

              Trial  1: relative flow change = 0.001863
                        maximum  flow change = 0.2085 for Link p235
                        maximum  head error  = 0.0000 for Link p110

     9:30:00: Balanced after 1 trials
   
     9:35:00: Balancing the network:

              Trial  1: relative flow change = 0.001845
                        maximum  flow change = 0.2103 for Link p235
                        maximum  head error  = 0.0000 for Link p110

     9:35:00: Balanced after 1 trials
   
     9:40:00: Balancing the network:

              Trial  1: relative flow change = 0.001647
                        maximum  flow change = 0.2075 for Link p235
                        maximum  head error  = 0.0000 for Link p110

     9:40:00: Balanced after 1 trials
   
     9:45:00: Balancing the network:

              Trial  1: relative flow change = 0.001238
                        maximum  flow change = 0.1833 for Link p235
                        maximum  head error  = 0.0000 for Link p110

     9:45:00: Balanced after 1 trials
   
     9:50:00: Balancing the network:

              Trial  1: relative flow change = 0.000710
                        maximum  flow change = 0.1361 for Link p235
                        maximum  head error  = 0.0000 for Link p235

     9:50:00: Balanced after 1 trials
   
     9:55:00: Balancing the network:

              Trial  1: relative flow change = 0.000436
                        maximum  flow change = 0.0724 for Link PRV-2
                        maximum  head error  = 0.0000 for Link p153

     9:55:00: Balanced after 1 trials
   
    10:00:00: Balancing the network:

              Trial  1: relative flow change = 0.000881
                        maximum  flow change = 0.0728 for Link p110
                        maximum  head error  = 0.0000 for Link p319

    10:00:00: Balanced after 1 trials
   
    10:05:00: Balancing the network:

              Trial  1: relative flow change = 0.001396
                        maximum  flow change = 0.1272 for Link p110
                        maximum  head error  = 0.0000 for Link p110

    10:05:00: Balanced after 1 trials
   
    10:10:00: Balancing the network:

              Trial  1: relative flow change = 0.001639
                        maximum  flow change = 0.1480 for Link PRV-1
                        maximum  head error  = 0.0000 for Link p110

    10:10:00: Balanced after 1 trials
   
    10:15:00: Balancing the network:

              Trial  1: relative flow change = 0.001619
                        maximum  flow change = 0.1711 for Link p227
                        maximum  head error  = 0.0000 for Link p110

    10:15:00: Balanced after 1 trials
   
    10:20:00: Balancing the network:

              Trial  1: relative flow change = 0.001322
                        maximum  flow change = 0.1649 for Link PRV-1
                        maximum  head error  = 0.0000 for Link p319

    10:20:00: Balanced after 1 trials
   
    10:25:00: Balancing the network:

              Trial  1: relative flow change = 0.000888
                        maximum  flow change = 0.1279 for Link p227
                        maximum  head error  = 0.0000 for Link p319

    10:25:00: Balanced after 1 trials
   
    10:30:00: Balancing the network:

              Trial  1: relative flow change = 0.000501
                        maximum  flow change = 0.0747 for Link PRV-1
                        maximum  head error  = 0.0000 for Link p153

    10:30:00: Balanced after 1 trials
   
    10:35:00: Balancing the network:

              Trial  1: relative flow change = 0.000534
                        maximum  flow change = 0.0473 for Link p110
                        maximum  head error  = 0.0000 for Link p153

    10:35:00: Balanced after 1 trials
   
    10:40:00: Balancing the network:

              Trial  1: relative flow change = 0.000675
                        maximum  flow change = 0.0725 for Link p110
                        maximum  head error  = 0.0000 for Link p153

    10:40:00: Balanced after 1 trials
   
    10:45:00: Balancing the network:

              Trial  1: relative flow change = 0.000583
                        maximum  flow change = 0.0728 for Link PRV-2
                        maximum  head error  = 0.0000 for Link p153

    10:45:00: Balanced after 1 trials
   
    10:50:00: Balancing the network:

              Trial  1: relative flow change = 0.000369
                        maximum  flow change = 0.0563 for Link PRV-2
                        maximum  head error  = 0.0000 for Link p153

    10:50:00: Balanced after 1 trials
   
    10:55:00: Balancing the network:

              Trial  1: relative flow change = 0.000380
                        maximum  flow change = 0.0239 for Link p239
                        maximum  head error  = 0.0000 for Link p153

    10:55:00: Balanced after 1 trials
   
    11:00:00: Balancing the network:

              Trial  1: relative flow change = 0.000714
                        maximum  flow change = 0.0604 for Link p110
                        maximum  head error  = 0.0000 for Link p319

    11:00:00: Balanced after 1 trials
   
    11:05:00: Balancing the network:

              Trial  1: relative flow change = 0.000929
                        maximum  flow change = 0.0848 for Link p110
                        maximum  head error  = 0.0000 for Link p110

    11:05:00: Balanced after 1 trials
   
    11:10:00: Balancing the network:

              Trial  1: relative flow change = 0.001053
                        maximum  flow change = 0.0980 for Link p110
                        maximum  head error  = 0.0000 for Link p110

    11:10:00: Balanced after 1 trials
   
    11:15:00: Balancing the network:

              Trial  1: relative flow change = 0.000949
                        maximum  flow change = 0.1103 for Link p227
                        maximum  head error  = 0.0000 for Link p110

    11:15:00: Balanced after 1 trials
   
    11:20:00: Balancing the network:

              Trial  1: relative flow change = 0.000706
                        maximum  flow change = 0.0969 for Link p227
                        maximum  head error  = 0.0000 for Link p235

    11:20:00: Balanced after 1 trials
   
    11:25:00: Balancing the network:

              Trial  1: relative flow change = 0.000489
                        maximum  flow change = 0.0686 for Link p227
                        maximum  head error  = 0.0000 for Link p319

    11:25:00: Balanced after 1 trials
   
    11:30:00: Balancing the network:

              Trial  1: relative flow change = 0.000311
                        maximum  flow change = 0.0445 for Link PRV-1
                        maximum  head error  = 0.0000 for Link p319

    11:30:00: Balanced after 1 trials
   
    11:35:00: Balancing the network:

              Trial  1: relative flow change = 0.000273
                        maximum  flow change = 0.0233 for Link p227
                        maximum  head error  = 0.0000 for Link p153

    11:35:00: Balanced after 1 trials
   
    11:40:00: Balancing the network:

              Trial  1: relative flow change = 0.000352
                        maximum  flow change = 0.0244 for Link p110
                        maximum  head error  = 0.0000 for Link p319

    11:40:00: Balanced after 1 trials
   
    11:45:00: Balancing the network:

              Trial  1: relative flow change = 0.000654
                        maximum  flow change = 0.0618 for Link p110
                        maximum  head error  = 0.0000 for Link p110

    11:45:00: Balanced after 1 trials
   
    11:50:00: Balancing the network:

              Trial  1: relative flow change = 0.001027
                        maximum  flow change = 0.1055 for Link p110
                        maximum  head error  = 0.0000 for Link p110

    11:50:00: Balanced after 1 trials
   
    11:55:00: Balancing the network:

              Trial  1: relative flow change = 0.001421
                        maximum  flow change = 0.1500 for Link p110
                        maximum  head error  = 0.0000 for Link p110

    11:55:00: Balanced after 1 trials
   
    12:00:00: Balancing the network:

              Trial  1: relative flow change = 0.001794
                        maximum  flow change = 0.1900 for Link p110
                        maximum  head error  = 0.0000 for Link p110

    12:00:00: Balanced after 1 trials
   
    12:05:00: Balancing the network:

              Trial  1: relative flow change = 0.002029
                        maximum  flow change = 0.2152 for Link p110
                        maximum  head error  = 0.0000 for Link p110

    12:05:00: Balanced after 1 trials
   
    12:10:00: Balancing the network:

              Trial  1: relative flow change = 0.002172
                        maximum  flow change = 0.2299 for Link p110
                        maximum  head error  = 0.0000 for Link p110

    12:10:00: Balanced after 1 trials
   
    12:15:00: Balancing the network:

              Trial  1: relative flow change = 0.002137
                        maximum  flow change = 0.2329 for Link p235
                        maximum  head error  = 0.0000 for Link p110

    12:15:00: Balanced after 1 trials
   
    12:20:00: Balancing the network:

              Trial  1: relative flow change = 0.001936
                        maximum  flow change = 0.2286 for Link p235
                        maximum  head error  = 0.0000 for Link p110

    12:20:00: Balanced after 1 trials
   
    12:25:00: Balancing the network:

              Trial  1: relative flow change = 0.001687
                        maximum  flow change = 0.2058 for Link p235
                        maximum  head error  = 0.0000 for Link p110

    12:25:00: Balanced after 1 trials
   
    12:30:00: Balancing the network:

              Trial  1: relative flow change = 0.001430
                        maximum  flow change = 0.1806 for Link p235
                        maximum  head error  = 0.0000 for Link p110

    12:30:00: Balanced after 1 trials
   
    12:35:00: Balancing the network:

              Trial  1: relative flow change = 0.001151
                        maximum  flow change = 0.1521 for Link p235
                        maximum  head error  = 0.0000 for Link p110

    12:35:00: Balanced after 1 trials
   
    12:40:00: Balancing the network:

              Trial  1: relative flow change = 0.000944
                        maximum  flow change = 0.1224 for Link p235
                        maximum  head error  = 0.0000 for Link p110

    12:40:00: Balanced after 1 trials
   
    12:45:00: Balancing the network:

              Trial  1: relative flow change = 0.000774
                        maximum  flow change = 0.0998 for Link p235
                        maximum  head error  = 0.0000 for Link p110

    12:45:00: Balanced after 1 trials
   
    12:50:00: Balancing the network:

              Trial  1: relative flow change = 0.000707
                        maximum  flow change = 0.0813 for Link p235
                        maximum  head error  = 0.0000 for Link p110

    12:50:00: Balanced after 1 trials
   
    12:55:00: Balancing the network:

              Trial  1: relative flow change = 0.000731
                        maximum  flow change = 0.0744 for Link p110
                        maximum  head error  = 0.0000 for Link p110

    12:55:00: Balanced after 1 trials
   
    13:00:00: Balancing the network:

              Trial  1: relative flow change = 0.000901
                        maximum  flow change = 0.0927 for Link p110
                        maximum  head error  = 0.0000 for Link p110

    13:00:00: Balanced after 1 trials
   
    13:05:00: Balancing the network:

              Trial  1: relative flow change = 0.001077
                        maximum  flow change = 0.1103 for Link p110
                        maximum  head error  = 0.0000 for Link p110

    13:05:00: Balanced after 1 trials
   
    13:10:00: Balancing the network:

              Trial  1: relative flow change = 0.001407
                        maximum  flow change = 0.1467 for Link p110
                        maximum  head error  = 0.0000 for Link p110

    13:10:00: Balanced after 1 trials
   
    13:15:00: Balancing the network:

              Trial  1: relative flow change = 0.001774
                        maximum  flow change = 0.1860 for Link p110
                        maximum  head error  = 0.0000 for Link p110

    13:15:00: Balanced after 1 trials
   
    13:20:00: Balancing the network:

              Trial  1: relative flow change = 0.002160
                        maximum  flow change = 0.2277 for Link p110
                        maximum  head error  = 0.0000 for Link p110

    13:20:00: Balanced after 1 trials
   
    13:25:00: Balancing the network:

              Trial  1: relative flow change = 0.002492
                        maximum  flow change = 0.2608 for Link p110
                        maximum  head error  = 0.0000 for Link p110

    13:25:00: Balanced after 1 trials
   
    13:30:00: Balancing the network:

              Trial  1: relative flow change = 0.002744
                        maximum  flow change = 0.2869 for Link p110
                        maximum  head error  = 0.0000 for Link p110

    13:30:00: Balanced after 1 trials
   
    13:35:00: Balancing the network:

              Trial  1: relative flow change = 0.003012
                        maximum  flow change = 0.3129 for Link p110
                        maximum  head error  = 0.0000 for Link p110

    13:35:00: Balanced after 1 trials
   
    13:40:00: Balancing the network:

              Trial  1: relative flow change = 0.003114
                        maximum  flow change = 0.3195 for Link p110
                        maximum  head error  = 0.0000 for Link p110

    13:40:00: Balanced after 1 trials
   
    13:45:00: Balancing the network:

              Trial  1: relative flow change = 0.003157
                        maximum  flow change = 0.3238 for Link p235
                        maximum  head error  = 0.0000 for Link p110

    13:45:00: Balanced after 1 trials
   
    13:50:00: Balancing the network:

              Trial  1: relative flow change = 0.003177
                        maximum  flow change = 0.3245 for Link p235
                        maximum  head error  = 0.0000 for Link p110

    13:50:00: Balanced after 1 trials
   
    13:55:00: Balancing the network:

              Trial  1: relative flow change = 0.003139
                        maximum  flow change = 0.3222 for Link p235
                        maximum  head error  = 0.0000 for Link p110

    13:55:00: Balanced after 1 trials
   
    14:00:00: Balancing the network:

              Trial  1: relative flow change = 0.003085
                        maximum  flow change = 0.3142 for Link PRV-1
                        maximum  head error  = 0.0000 for Link p110

    14:00:00: Balanced after 1 trials
   
    14:05:00: Balancing the network:

              Trial  1: relative flow change = 0.003165
                        maximum  flow change = 0.3092 for Link p227
                        maximum  head error  = 0.0000 for Link p110

    14:05:00: Balanced after 1 trials
   
    14:10:00: Balancing the network:

              Trial  1: relative flow change = 0.003192
                        maximum  flow change = 0.3187 for Link PRV-1
                        maximum  head error  = 0.0000 for Link p110

    14:10:00: Balanced after 1 trials
   
    14:15:00: Balancing the network:

              Trial  1: relative flow change = 0.003306
                        maximum  flow change = 0.3196 for Link p227
                        maximum  head error  = 0.0000 for Link p110

    14:15:00: Balanced after 1 trials
   
    14:20:00: Balancing the network:

              Trial  1: relative flow change = 0.003511
                        maximum  flow change = 0.3306 for Link PRV-1
                        maximum  head error  = 0.0000 for Link p110

    14:20:00: Balanced after 1 trials
   
    14:25:00: Balancing the network:

              Trial  1: relative flow change = 0.003773
                        maximum  flow change = 0.3542 for Link p110
                        maximum  head error  = 0.0000 for Link p110

    14:25:00: Balanced after 1 trials
   
    14:30:00: Balancing the network:

              Trial  1: relative flow change = 0.004135
                        maximum  flow change = 0.3909 for Link p110
                        maximum  head error  = 0.0000 for Link p110

    14:30:00: Balanced after 1 trials
   
    14:35:00: Balancing the network:

              Trial  1: relative flow change = 0.004608
                        maximum  flow change = 0.4373 for Link p110
                        maximum  head error  = 0.0000 for Link p110

    14:35:00: Balanced after 1 trials
   
    14:40:00: Balancing the network:

              Trial  1: relative flow change = 0.005190
                        maximum  flow change = 0.4927 for Link p110
                        maximum  head error  = 0.0000 for Link p110

    14:40:00: Balanced after 1 trials
   
    14:45:00: Balancing the network:

              Trial  1: relative flow change = 0.005930
                        maximum  flow change = 0.5634 for Link p110
                        maximum  head error  = 0.0000 for Link p110

    14:45:00: Balanced after 1 trials
   
    14:50:00: Balancing the network:

              Trial  1: relative flow change = 0.006641
                        maximum  flow change = 0.6272 for Link p110
                        maximum  head error  = 0.0000 for Link p110

    14:50:00: Balanced after 1 trials
   
    14:55:00: Balancing the network:

              Trial  1: relative flow change = 0.007242
                        maximum  flow change = 0.6786 for Link p110
                        maximum  head error  = 0.0000 for Link p110

    14:55:00: Balanced after 1 trials
   
    15:00:00: Balancing the network:

              Trial  1: relative flow change = 0.007822
                        maximum  flow change = 0.7300 for Link p110
                        maximum  head error  = 0.0000 for Link p110

    15:00:00: Balanced after 1 trials
   
    15:05:00: Balancing the network:

              Trial  1: relative flow change = 0.008135
                        maximum  flow change = 0.7524 for Link p110
                        maximum  head error  = 0.0000 for Link p110

    15:05:00: Balanced after 1 trials
   
    15:10:00: Balancing the network:

              Trial  1: relative flow change = 0.008055
                        maximum  flow change = 0.7669 for Link p227
                        maximum  head error  = 0.0000 for Link p110

    15:10:00: Balanced after 1 trials
   
    15:15:00: Balancing the network:

              Trial  1: relative flow change = 0.007686
                        maximum  flow change = 0.7491 for Link PRV-1
                        maximum  head error  = 0.0000 for Link p110

    15:15:00: Balanced after 1 trials
   
    15:20:00: Balancing the network:

              Trial  1: relative flow change = 0.007129
                        maximum  flow change = 0.7099 for Link p235
                        maximum  head error  = 0.0000 for Link p110

    15:20:00: Balanced after 1 trials
   
    15:25:00: Balancing the network:

              Trial  1: relative flow change = 0.006243
                        maximum  flow change = 0.6563 for Link p235
                        maximum  head error  = 0.0000 for Link p110

    15:25:00: Balanced after 1 trials
   
    15:30:00: Balancing the network:

              Trial  1: relative flow change = 0.005366
                        maximum  flow change = 0.5713 for Link p235
                        maximum  head error  = 0.0000 for Link p110

    15:30:00: Balanced after 1 trials
   
    15:35:00: Balancing the network:

              Trial  1: relative flow change = 0.004385
                        maximum  flow change = 0.4927 for Link p235
                        maximum  head error  = 0.0000 for Link p110

    15:35:00: Balanced after 1 trials
   
    15:40:00: Balancing the network:

              Trial  1: relative flow change = 0.003551
                        maximum  flow change = 0.4021 for Link p235
                        maximum  head error  = 0.0000 for Link p110

    15:40:00: Balanced after 1 trials
   
    15:45:00: Balancing the network:

              Trial  1: relative flow change = 0.002792
                        maximum  flow change = 0.3281 for Link p235
                        maximum  head error  = 0.0000 for Link p110

    15:45:00: Balanced after 1 trials
   
    15:50:00: Balancing the network:

              Trial  1: relative flow change = 0.002125
                        maximum  flow change = 0.2583 for Link p235
                        maximum  head error  = 0.0000 for Link p110

    15:50:00: Balanced after 1 trials
   
    15:55:00: Balancing the network:

              Trial  1: relative flow change = 0.001534
                        maximum  flow change = 0.1962 for Link p235
                        maximum  head error  = 0.0000 for Link p235

    15:55:00: Balanced after 1 trials
   
    16:00:00: Balancing the network:

              Trial  1: relative flow change = 0.001016
                        maximum  flow change = 0.1403 for Link p235
                        maximum  head error  = 0.0000 for Link p235

    16:00:00: Balanced after 1 trials
   
    16:05:00: Balancing the network:

              Trial  1: relative flow change = 0.000462
                        maximum  flow change = 0.0913 for Link PRV-2
                        maximum  head error  = 0.0000 for Link p235

    16:05:00: Balanced after 1 trials
   
    16:10:00: Balancing the network:

              Trial  1: relative flow change = 0.000463
                        maximum  flow change = 0.0277 for Link PRV-2
                        maximum  head error  = 0.0000 for Link p319

    16:10:00: Balanced after 1 trials
   
    16:15:00: Balancing the network:

              Trial  1: relative flow change = 0.000909
                        maximum  flow change = 0.0745 for Link p110
                        maximum  head error  = 0.0000 for Link p110

    16:15:00: Balanced after 1 trials
   
    16:20:00: Balancing the network:

              Trial  1: relative flow change = 0.001410
                        maximum  flow change = 0.1198 for Link p110
                        maximum  head error  = 0.0000 for Link p110

    16:20:00: Balanced after 1 trials
   
    16:25:00: Balancing the network:

              Trial  1: relative flow change = 0.001853
                        maximum  flow change = 0.1593 for Link p110
                        maximum  head error  = 0.0000 for Link p110

    16:25:00: Balanced after 1 trials
   
    16:30:00: Balancing the network:

              Trial  1: relative flow change = 0.002101
                        maximum  flow change = 0.1790 for Link p110
                        maximum  head error  = 0.0000 for Link p110

    16:30:00: Balanced after 1 trials
   
    16:35:00: Balancing the network:

              Trial  1: relative flow change = 0.002159
                        maximum  flow change = 0.1911 for Link p227
                        maximum  head error  = 0.0000 for Link p110

    16:35:00: Balanced after 1 trials
   
    16:40:00: Balancing the network:

              Trial  1: relative flow change = 0.002168
                        maximum  flow change = 0.1947 for Link PRV-1
                        maximum  head error  = 0.0000 for Link p110

    16:40:00: Balanced after 1 trials
   
    16:45:00: Balancing the network:

              Trial  1: relative flow change = 0.002184
                        maximum  flow change = 0.1951 for Link PRV-1
                        maximum  head error  = 0.0000 for Link p110

    16:45:00: Balanced after 1 trials
   
    16:50:00: Balancing the network:

              Trial  1: relative flow change = 0.002131
                        maximum  flow change = 0.1969 for Link p227
                        maximum  head error  = 0.0000 for Link p110

    16:50:00: Balanced after 1 trials
   
    16:55:00: Balancing the network:

              Trial  1: relative flow change = 0.002122
                        maximum  flow change = 0.1918 for Link PRV-1
                        maximum  head error  = 0.0000 for Link p110

    16:55:00: Balanced after 1 trials
   
    17:00:00: Balancing the network:

              Trial  1: relative flow change = 0.002194
                        maximum  flow change = 0.1922 for Link PRV-1
                        maximum  head error  = 0.0000 for Link p110

    17:00:00: Balanced after 1 trials
   
    17:05:00: Balancing the network:

              Trial  1: relative flow change = 0.002345
                        maximum  flow change = 0.2058 for Link p110
                        maximum  head error  = 0.0000 for Link p110

    17:05:00: Balanced after 1 trials
   
    17:10:00: Balancing the network:

              Trial  1: relative flow change = 0.002440
                        maximum  flow change = 0.2167 for Link p110
                        maximum  head error  = 0.0000 for Link p110

    17:10:00: Balanced after 1 trials
   
    17:15:00: Balancing the network:

              Trial  1: relative flow change = 0.002484
                        maximum  flow change = 0.2258 for Link p227
                        maximum  head error  = 0.0000 for Link p110

    17:15:00: Balanced after 1 trials
   
    17:20:00: Balancing the network:

              Trial  1: relative flow change = 0.002441
                        maximum  flow change = 0.2297 for Link PRV-1
                        maximum  head error  = 0.0000 for Link p110

    17:20:00: Balanced after 1 trials
   
    17:24:17: Pump PUMP_1 changed by Tank T1 control
    17:24:17: Balancing the network:

              Trial  1: relative flow change = 0.988453
              PRV PRV-3 switched from active to open
              Trial  2: relative flow change = 0.987544
              Pump PUMP_1 switched from open to closed
              Trial  3: relative flow change = 6.086656
              PRV PRV-3 switched from open to active
              Trial  4: relative flow change = 1.555264
              Pump PUMP_1 switched from closed to open
              Trial  5: relative flow change = 0.964597
              Trial  6: relative flow change = 0.938312
              Trial  7: relative flow change = 0.881717
              Trial  8: relative flow change = 0.797810
              Trial  9: relative flow change = 0.663082
              Trial 10: relative flow change = 0.480708
              Trial 11: relative flow change = 0.276326
              Trial 12: relative flow change = 0.104845
              Trial 13: relative flow change = 0.017604
              Trial 14: relative flow change = 0.000863
                        maximum  flow change = 0.9245 for Link p235
                        maximum  head error  = 0.0001 for Link PUMP_1

    17:24:17: Balanced after 14 trials
    17:24:17: Tank T1 is filling at 2.40 m
    17:24:17: Pump PUMP_1 changed from closed to open
   
    17:25:00: Balancing the network:

              Trial  1: relative flow change = 0.001464
                        maximum  flow change = 0.2038 for Link p110
                        maximum  head error  = 0.0000 for Link p110

    17:25:00: Balanced after 1 trials
   
    17:30:00: Balancing the network:

              Trial  1: relative flow change = 0.001473
                        maximum  flow change = 0.2153 for Link p227
                        maximum  head error  = 0.0000 for Link p110

    17:30:00: Balanced after 1 trials
   
    17:35:00: Balancing the network:

              Trial  1: relative flow change = 0.001328
                        maximum  flow change = 0.2001 for Link p227
                        maximum  head error  = 0.0000 for Link p110

    17:35:00: Balanced after 1 trials
   
    17:40:00: Balancing the network:

              Trial  1: relative flow change = 0.001179
                        maximum  flow change = 0.1800 for Link PRV-1
                        maximum  head error  = 0.0000 for Link p110

    17:40:00: Balanced after 1 trials
   
    17:45:00: Balancing the network:

              Trial  1: relative flow change = 0.001114
                        maximum  flow change = 0.1592 for Link p227
                        maximum  head error  = 0.0000 for Link PUMP_1

    17:45:00: Balanced after 1 trials
   
    17:50:00: Balancing the network:

              Trial  1: relative flow change = 0.001122
                        maximum  flow change = 0.1512 for Link PRV-1
                        maximum  head error  = 0.0000 for Link p110

    17:50:00: Balanced after 1 trials
   
    17:55:00: Balancing the network:

              Trial  1: relative flow change = 0.001202
                        maximum  flow change = 0.1531 for Link p227
                        maximum  head error  = 0.0000 for Link p110

    17:55:00: Balanced after 1 trials
   
    18:00:00: Balancing the network:

              Trial  1: relative flow change = 0.001293
                        maximum  flow change = 0.1680 for Link p110
                        maximum  head error  = 0.0000 for Link p110

    18:00:00: Balanced after 1 trials
   
    18:05:00: Balancing the network:

              Trial  1: relative flow change = 0.001401
                        maximum  flow change = 0.1843 for Link p110
                        maximum  head error  = 0.0000 for Link p110

    18:05:00: Balanced after 1 trials
   
    18:10:00: Balancing the network:

              Trial  1: relative flow change = 0.001511
                        maximum  flow change = 0.2002 for Link p110
                        maximum  head error  = 0.0000 for Link p110

    18:10:00: Balanced after 1 trials
   
    18:15:00: Balancing the network:

              Trial  1: relative flow change = 0.001603
                        maximum  flow change = 0.2111 for Link p110
                        maximum  head error  = 0.0000 for Link p110

    18:15:00: Balanced after 1 trials
   
    18:20:00: Balancing the network:

              Trial  1: relative flow change = 0.001648
                        maximum  flow change = 0.2223 for Link p227
                        maximum  head error  = 0.0000 for Link p110

    18:20:00: Balanced after 1 trials
   
    18:25:00: Balancing the network:

              Trial  1: relative flow change = 0.001698
                        maximum  flow change = 0.2284 for Link PRV-1
                        maximum  head error  = 0.0000 for Link p110

    18:25:00: Balanced after 1 trials
   
    18:30:00: Balancing the network:

              Trial  1: relative flow change = 0.001764
                        maximum  flow change = 0.2359 for Link p227
                        maximum  head error  = 0.0000 for Link p110

    18:30:00: Balanced after 1 trials
   
    18:35:00: Balancing the network:

              Trial  1: relative flow change = 0.001770
                        maximum  flow change = 0.2450 for Link PRV-1
                        maximum  head error  = 0.0000 for Link p110

    18:35:00: Balanced after 1 trials
   
    18:40:00: Balancing the network:

              Trial  1: relative flow change = 0.001771
                        maximum  flow change = 0.2445 for Link p227
                        maximum  head error  = 0.0000 for Link p110

    18:40:00: Balanced after 1 trials
   
    18:45:00: Balancing the network:

              Trial  1: relative flow change = 0.001656
                        maximum  flow change = 0.2440 for Link p227
                        maximum  head error  = 0.0000 for Link p110

    18:45:00: Balanced after 1 trials
   
    18:50:00: Balancing the network:

              Trial  1: relative flow change = 0.001505
                        maximum  flow change = 0.2264 for Link PRV-1
                        maximum  head error  = 0.0000 for Link p110

    18:50:00: Balanced after 1 trials
   
    18:55:00: Balancing the network:

              Trial  1: relative flow change = 0.001251
                        maximum  flow change = 0.2050 for Link p227
                        maximum  head error  = 0.0000 for Link p110

    18:55:00: Balanced after 1 trials
   
    19:00:00: Balancing the network:

              Trial  1: relative flow change = 0.000856
                        maximum  flow change = 0.1686 for Link p227
                        maximum  head error  = 0.0000 for Link PUMP_1

    19:00:00: Balanced after 1 trials
   
    19:05:00: Balancing the network:

              Trial  1: relative flow change = 0.000527
                        maximum  flow change = 0.1117 for Link PRV-1
                        maximum  head error  = 0.0000 for Link PUMP_1

    19:05:00: Balanced after 1 trials
   
    19:10:00: Balancing the network:

              Trial  1: relative flow change = 0.000255
                        maximum  flow change = 0.0669 for Link p227
                        maximum  head error  = 0.0000 for Link PUMP_1

    19:10:00: Balanced after 1 trials
   
    19:15:00: Balancing the network:

              Trial  1: relative flow change = 0.000110
                        maximum  flow change = 0.0294 for Link p227
                        maximum  head error  = 0.0000 for Link PUMP_1

    19:15:00: Balanced after 1 trials
   
    19:20:00: Balancing the network:

              Trial  1: relative flow change = 0.000167
                        maximum  flow change = 0.0178 for Link p110
                        maximum  head error  = 0.0000 for Link PUMP_1

    19:20:00: Balanced after 1 trials
   
    19:25:00: Balancing the network:

              Trial  1: relative flow change = 0.000430
                        maximum  flow change = 0.0569 for Link p110
                        maximum  head error  = 0.0000 for Link PUMP_1

    19:25:00: Balanced after 1 trials
   
    19:30:00: Balancing the network:

              Trial  1: relative flow change = 0.000819
                        maximum  flow change = 0.1108 for Link p110
                        maximum  head error  = 0.0000 for Link PUMP_1

    19:30:00: Balanced after 1 trials
   
    19:35:00: Balancing the network:

              Trial  1: relative flow change = 0.001231
                        maximum  flow change = 0.1657 for Link p110
                        maximum  head error  = 0.0000 for Link p110

    19:35:00: Balanced after 1 trials
   
    19:40:00: Balancing the network:

              Trial  1: relative flow change = 0.001474
                        maximum  flow change = 0.1949 for Link p110
                        maximum  head error  = 0.0000 for Link p110

    19:40:00: Balanced after 1 trials
   
    19:45:00: Balancing the network:

              Trial  1: relative flow change = 0.001470
                        maximum  flow change = 0.2097 for Link PRV-1
                        maximum  head error  = 0.0000 for Link p110

    19:45:00: Balanced after 1 trials
   
    19:50:00: Balancing the network:

              Trial  1: relative flow change = 0.001143
                        maximum  flow change = 0.2062 for Link p227
                        maximum  head error  = 0.0000 for Link p110

    19:50:00: Balanced after 1 trials
   
    19:55:00: Balancing the network:

              Trial  1: relative flow change = 0.000516
                        maximum  flow change = 0.1557 for Link PRV-1
                        maximum  head error  = 0.0000 for Link PUMP_1

    19:55:00: Balanced after 1 trials
   
    20:00:00: Balancing the network:

              Trial  1: relative flow change = 0.000425
                        maximum  flow change = 0.0662 for Link p110
                        maximum  head error  = 0.0000 for Link PUMP_1

    20:00:00: Balanced after 1 trials
   
    20:05:00: Balancing the network:

              Trial  1: relative flow change = 0.001123
                        maximum  flow change = 0.1712 for Link p110
                        maximum  head error  = 0.0000 for Link p110

    20:05:00: Balanced after 1 trials
   
    20:10:00: Balancing the network:

              Trial  1: relative flow change = 0.001644
                        maximum  flow change = 0.2380 for Link p110
                        maximum  head error  = 0.0000 for Link p110

    20:10:00: Balanced after 1 trials
   
    20:15:00: Balancing the network:

              Trial  1: relative flow change = 0.001786
                        maximum  flow change = 0.2519 for Link p110
                        maximum  head error  = 0.0000 for Link p110

    20:15:00: Balanced after 1 trials
   
    20:20:00: Balancing the network:

              Trial  1: relative flow change = 0.001333
                        maximum  flow change = 0.2542 for Link p235
                        maximum  head error  = 0.0000 for Link p235

    20:20:00: Balanced after 1 trials
   
    20:25:00: Balancing the network:

              Trial  1: relative flow change = 0.000413
                        maximum  flow change = 0.1818 for Link p235
                        maximum  head error  = 0.0000 for Link p235

    20:25:00: Balanced after 1 trials
   
    20:30:00: Balancing the network:

              Trial  1: relative flow change = 0.000906
                        maximum  flow change = 0.1209 for Link p110
                        maximum  head error  = 0.0000 for Link PUMP_1

    20:30:00: Balanced after 1 trials
   
    20:35:00: Balancing the network:

              Trial  1: relative flow change = 0.002129
                        maximum  flow change = 0.3005 for Link p110
                        maximum  head error  = 0.0000 for Link p110

    20:35:00: Balanced after 1 trials
   
    20:40:00: Balancing the network:

              Trial  1: relative flow change = 0.003120
                        maximum  flow change = 0.4341 for Link p110
                        maximum  head error  = 0.0000 for Link p110

    20:40:00: Balanced after 1 trials
   
    20:45:00: Balancing the network:

              Trial  1: relative flow change = 0.003646
                        maximum  flow change = 0.5026 for Link p110
                        maximum  head error  = 0.0000 for Link p110

    20:45:00: Balanced after 1 trials
   
    20:50:00: Balancing the network:

              Trial  1: relative flow change = 0.003647
                        maximum  flow change = 0.5178 for Link PRV-1
                        maximum  head error  = 0.0000 for Link p110

    20:50:00: Balanced after 1 trials
   
    20:55:00: Balancing the network:

              Trial  1: relative flow change = 0.002970
                        maximum  flow change = 0.5131 for Link p227
                        maximum  head error  = 0.0000 for Link p110

    20:55:00: Balanced after 1 trials
   
    21:00:00: Balancing the network:

              Trial  1: relative flow change = 0.001916
                        maximum  flow change = 0.4108 for Link PRV-1
                        maximum  head error  = 0.0000 for Link p235

    21:00:00: Balanced after 1 trials
   
    21:05:00: Balancing the network:

              Trial  1: relative flow change = 0.000612
                        maximum  flow change = 0.2592 for Link p227
                        maximum  head error  = 0.0000 for Link p235

    21:05:00: Balanced after 1 trials
   
    21:10:00: Balancing the network:

              Trial  1: relative flow change = 0.000801
                        maximum  flow change = 0.1230 for Link p110
                        maximum  head error  = 0.0000 for Link p110

    21:10:00: Balanced after 1 trials
   
    21:15:00: Balancing the network:

              Trial  1: relative flow change = 0.001862
                        maximum  flow change = 0.2779 for Link p110
                        maximum  head error  = 0.0000 for Link p110

    21:15:00: Balanced after 1 trials
   
    21:20:00: Balancing the network:

              Trial  1: relative flow change = 0.002724
                        maximum  flow change = 0.3932 for Link p110
                        maximum  head error  = 0.0000 for Link p110

    21:20:00: Balanced after 1 trials
   
    21:25:00: Balancing the network:

              Trial  1: relative flow change = 0.003379
                        maximum  flow change = 0.4794 for Link p110
                        maximum  head error  = 0.0000 for Link p110

    21:25:00: Balanced after 1 trials
   
    21:30:00: Balancing the network:

              Trial  1: relative flow change = 0.003967
                        maximum  flow change = 0.5573 for Link p110
                        maximum  head error  = 0.0000 for Link p110

    21:30:00: Balanced after 1 trials
   
    21:35:00: Balancing the network:

              Trial  1: relative flow change = 0.004599
                        maximum  flow change = 0.6406 for Link p110
                        maximum  head error  = 0.0000 for Link p110

    21:35:00: Balanced after 1 trials
   
    21:40:00: Balancing the network:

              Trial  1: relative flow change = 0.005437
                        maximum  flow change = 0.7515 for Link p110
                        maximum  head error  = 0.0000 for Link p110

    21:40:00: Balanced after 1 trials
   
    21:45:00: Balancing the network:

              Trial  1: relative flow change = 0.006509
                        maximum  flow change = 0.8921 for Link p110
                        maximum  head error  = 0.0000 for Link p110

    21:45:00: Balanced after 1 trials
   
    21:50:00: Balancing the network:

              Trial  1: relative flow change = 0.007799
                        maximum  flow change = 1.0586 for Link p110
                        maximum  head error  = 0.0000 for Link p110

    21:50:00: Balanced after 1 trials
   
    21:55:00: Balancing the network:

              Trial  1: relative flow change = 0.008978
                        maximum  flow change = 1.2013 for Link p110
                        maximum  head error  = 0.0000 for Link p110

    21:55:00: Balanced after 1 trials
   
    22:00:00: Balancing the network:

              Trial  1: relative flow change = 0.009943
                        maximum  flow change = 1.3121 for Link p110
                        maximum  head error  = 0.0000 for Link p110

    22:00:00: Balanced after 1 trials
   
    22:05:00: Balancing the network:

              Trial  1: relative flow change = 0.010408
              Trial  2: relative flow change = 0.001186
                        maximum  flow change = 1.3774 for Link PRV-1
                        maximum  head error  = 0.0000 for Link p235

    22:05:00: Balanced after 2 trials
   
    22:10:00: Balancing the network:

              Trial  1: relative flow change = 0.009116
                        maximum  flow change = 1.2822 for Link p110
                        maximum  head error  = 0.0000 for Link p110

    22:10:00: Balanced after 1 trials
   
    22:15:00: Balancing the network:

              Trial  1: relative flow change = 0.009336
                        maximum  flow change = 1.3021 for Link p227
                        maximum  head error  = 0.0000 for Link p110

    22:15:00: Balanced after 1 trials
   
    22:20:00: Balancing the network:

              Trial  1: relative flow change = 0.007942
                        maximum  flow change = 1.2014 for Link PRV-1
                        maximum  head error  = 0.0000 for Link p110

    22:20:00: Balanced after 1 trials
   
    22:25:00: Balancing the network:

              Trial  1: relative flow change = 0.006302
                        maximum  flow change = 1.0058 for Link PRV-1
                        maximum  head error  = 0.0000 for Link p110

    22:25:00: Balanced after 1 trials
   
    22:30:00: Balancing the network:

              Trial  1: relative flow change = 0.004842
                        maximum  flow change = 0.7885 for Link p227
                        maximum  head error  = 0.0000 for Link p110

    22:30:00: Balanced after 1 trials
   
    22:35:00: Balancing the network:

              Trial  1: relative flow change = 0.003784
                        maximum  flow change = 0.6024 for Link p227
                        maximum  head error  = 0.0000 for Link p110

    22:35:00: Balanced after 1 trials
   
    22:40:00: Balancing the network:

              Trial  1: relative flow change = 0.003426
                        maximum  flow change = 0.4712 for Link p227
                        maximum  head error  = 0.0000 for Link p110

    22:40:00: Balanced after 1 trials
   
    22:45:00: Balancing the network:

              Trial  1: relative flow change = 0.003787
                        maximum  flow change = 0.4625 for Link p110
                        maximum  head error  = 0.0000 for Link p110

    22:45:00: Balanced after 1 trials
   
    22:50:00: Balancing the network:

              Trial  1: relative flow change = 0.004676
                        maximum  flow change = 0.5748 for Link p110
                        maximum  head error  = 0.0000 for Link p110

    22:50:00: Balanced after 1 trials
   
    22:55:00: Balancing the network:

              Trial  1: relative flow change = 0.005945
                        maximum  flow change = 0.7319 for Link p110
                        maximum  head error  = 0.0000 for Link p110

    22:55:00: Balanced after 1 trials
   
    23:00:00: Balancing the network:

              Trial  1: relative flow change = 0.007304
                        maximum  flow change = 0.8936 for Link p110
                        maximum  head error  = 0.0000 for Link p110

    23:00:00: Balanced after 1 trials
   
    23:05:00: Balancing the network:

              Trial  1: relative flow change = 0.008425
                        maximum  flow change = 1.0200 for Link p110
                        maximum  head error  = 0.0000 for Link p110

    23:05:00: Balanced after 1 trials
   
    23:10:00: Balancing the network:

              Trial  1: relative flow change = 0.009127
                        maximum  flow change = 1.0929 for Link p110
                        maximum  head error  = 0.0000 for Link p110

    23:10:00: Balanced after 1 trials
   
    23:15:00: Balancing the network:

              Trial  1: relative flow change = 0.009469
                        maximum  flow change = 1.1224 for Link p110
                        maximum  head error  = 0.0000 for Link p110

    23:15:00: Balanced after 1 trials
   
    23:20:00: Balancing the network:

              Trial  1: relative flow change = 0.009442
                        maximum  flow change = 1.1440 for Link PRV-1
                        maximum  head error  = 0.0000 for Link p110

    23:20:00: Balanced after 1 trials
   
    23:25:00: Balancing the network:

              Trial  1: relative flow change = 0.009216
                        maximum  flow change = 1.1249 for Link p227
                        maximum  head error  = 0.0000 for Link p110

    23:25:00: Balanced after 1 trials
   
    23:30:00: Balancing the network:

              Trial  1: relative flow change = 0.009097
                        maximum  flow change = 1.0893 for Link p235
                        maximum  head error  = 0.0000 for Link p110

    23:30:00: Balanced after 1 trials
   
    23:35:00: Balancing the network:

              Trial  1: relative flow change = 0.009113
                        maximum  flow change = 1.0702 for Link p235
                        maximum  head error  = 0.0000 for Link p110

    23:35:00: Balanced after 1 trials
   
    23:40:00: Balancing the network:

              Trial  1: relative flow change = 0.009479
                        maximum  flow change = 1.0908 for Link p110
                        maximum  head error  = 0.0000 for Link p110

    23:40:00: Balanced after 1 trials
   
    23:45:00: Balancing the network:

              Trial  1: relative flow change = 0.010057
              Trial  2: relative flow change = 0.001415
                        maximum  flow change = 1.1498 for Link p235
                        maximum  head error  = 0.0000 for Link p235

    23:45:00: Balanced after 2 trials
   
    23:50:00: Balancing the network:

              Trial  1: relative flow change = 0.009527
                        maximum  flow change = 1.1877 for Link p110
                        maximum  head error  = 0.0000 for Link p110

    23:50:00: Balanced after 1 trials
   
    23:55:00: Balancing the network:

              Trial  1: relative flow change = 0.011438
              Trial  2: relative flow change = 0.001624
                        maximum  flow change = 1.2827 for Link p235
                        maximum  head error  = 0.0000 for Link p235

    23:55:00: Balanced after 2 trials
   
    24:00:00: Balancing the network:

              Trial  1: relative flow change = 0.010679
              Trial  2: relative flow change = 0.001690
                        maximum  flow change = 1.3029 for Link PRV-2
                        maximum  head error  = 0.0000 for Link p235

    24:00:00: Balanced after 2 trials
   
    24:05:00: Balancing the network:

              Trial  1: relative flow change = 0.010994
              Trial  2: relative flow change = 0.001749
                        maximum  flow change = 1.3258 for Link p235
                        maximum  head error  = 0.0000 for Link p235

    24:05:00: Balanced after 2 trials
   
    24:10:00: Balancing the network:

              Trial  1: relative flow change = 0.011165
              Trial  2: relative flow change = 0.001808
                        maximum  flow change = 1.3329 for Link PRV-2
                        maximum  head error  = 0.0000 for Link p235

    24:10:00: Balanced after 2 trials
   
    24:15:00: Balancing the network:

              Trial  1: relative flow change = 0.011199
              Trial  2: relative flow change = 0.001849
                        maximum  flow change = 1.3234 for Link PRV-2
                        maximum  head error  = 0.0000 for Link p235

    24:15:00: Balanced after 2 trials
   
    24:20:00: Balancing the network:

              Trial  1: relative flow change = 0.011301
              Trial  2: relative flow change = 0.001918
                        maximum  flow change = 1.3236 for Link p235
                        maximum  head error  = 0.0000 for Link p235

    24:20:00: Balanced after 2 trials
   
    24:25:00: Balancing the network:

              Trial  1: relative flow change = 0.011470
              Trial  2: relative flow change = 0.002002
                        maximum  flow change = 1.3314 for Link PRV-2
                        maximum  head error  = 0.0000 for Link p235

    24:25:00: Balanced after 2 trials
   
    24:30:00: Balancing the network:

              Trial  1: relative flow change = 0.011813
              Trial  2: relative flow change = 0.002106
                        maximum  flow change = 1.3569 for Link p235
                        maximum  head error  = 0.0000 for Link p235

    24:30:00: Balanced after 2 trials
   
    24:35:00: Balancing the network:

              Trial  1: relative flow change = 0.012297
              Trial  2: relative flow change = 0.002225
                        maximum  flow change = 1.3959 for Link p235
                        maximum  head error  = 0.0000 for Link p235

    24:35:00: Balanced after 2 trials
   
    24:40:00: Balancing the network:

              Trial  1: relative flow change = 0.012861
              Trial  2: relative flow change = 0.002347
                        maximum  flow change = 1.4405 for Link PRV-2
                        maximum  head error  = 0.0000 for Link p235

    24:40:00: Balanced after 2 trials
   
    24:45:00: Balancing the network:

              Trial  1: relative flow change = 0.013306
              Trial  2: relative flow change = 0.002430
                        maximum  flow change = 1.4680 for Link PRV-2
                        maximum  head error  = 0.0000 for Link p235

    24:45:00: Balanced after 2 trials
   
    24:50:00: Balancing the network:

              Trial  1: relative flow change = 0.013675
              Trial  2: relative flow change = 0.002491
                        maximum  flow change = 1.4846 for Link PRV-2
                        maximum  head error  = 0.0000 for Link p235

    24:50:00: Balanced after 2 trials
   
    24:55:00: Balancing the network:

              Trial  1: relative flow change = 0.013706
              Trial  2: relative flow change = 0.002480
                        maximum  flow change = 1.4631 for Link PRV-2
                        maximum  head error  = 0.0000 for Link p235

    24:55:00: Balanced after 2 trials
   
    25:00:00: Balancing the network:

              Trial  1: relative flow change = 0.013544
              Trial  2: relative flow change = 0.002434
                        maximum  flow change = 1.4219 for Link p235
                        maximum  head error  = 0.0000 for Link p235

    25:00:00: Balanced after 2 trials
   
    25:05:00: Balancing the network:

              Trial  1: relative flow change = 0.013180
              Trial  2: relative flow change = 0.002350
                        maximum  flow change = 1.3609 for Link p235
                        maximum  head error  = 0.0000 for Link p235

    25:05:00: Balanced after 2 trials
   
    25:10:00: Balancing the network:

              Trial  1: relative flow change = 0.012680
              Trial  2: relative flow change = 0.002258
                        maximum  flow change = 1.2898 for Link p235
                        maximum  head error  = 0.0000 for Link p235

    25:10:00: Balanced after 2 trials
   
    25:15:00: Balancing the network:

              Trial  1: relative flow change = 0.012229
              Trial  2: relative flow change = 0.002179
                        maximum  flow change = 1.2263 for Link PRV-2
                        maximum  head error  = 0.0000 for Link p235

    25:15:00: Balanced after 2 trials
   
    25:20:00: Balancing the network:

              Trial  1: relative flow change = 0.011915
              Trial  2: relative flow change = 0.002144
                        maximum  flow change = 1.1800 for Link p235
                        maximum  head error  = 0.0000 for Link p235

    25:20:00: Balanced after 2 trials
   
    25:25:00: Balancing the network:

              Trial  1: relative flow change = 0.011638
              Trial  2: relative flow change = 0.002128
                        maximum  flow change = 1.1401 for Link p235
                        maximum  head error  = 0.0000 for Link p235

    25:25:00: Balanced after 2 trials
   
    25:30:00: Balancing the network:

              Trial  1: relative flow change = 0.011550
              Trial  2: relative flow change = 0.002147
                        maximum  flow change = 1.1199 for Link PRV-2
                        maximum  head error  = 0.0000 for Link p235

    25:30:00: Balanced after 2 trials
   
    25:35:00: Balancing the network:

              Trial  1: relative flow change = 0.011482
              Trial  2: relative flow change = 0.002179
                        maximum  flow change = 1.1029 for Link p235
                        maximum  head error  = 0.0000 for Link p235

    25:35:00: Balanced after 2 trials
   
    25:40:00: Balancing the network:

              Trial  1: relative flow change = 0.011303
              Trial  2: relative flow change = 0.002185
                        maximum  flow change = 1.0750 for Link p235
                        maximum  head error  = 0.0000 for Link p235

    25:40:00: Balanced after 2 trials
   
    25:45:00: Balancing the network:

              Trial  1: relative flow change = 0.010976
              Trial  2: relative flow change = 0.002149
                        maximum  flow change = 1.0331 for Link p235
                        maximum  head error  = 0.0000 for Link p235

    25:45:00: Balanced after 2 trials
   
    25:50:00: Balancing the network:

              Trial  1: relative flow change = 0.010495
              Trial  2: relative flow change = 0.002069
                        maximum  flow change = 0.9772 for Link PRV-2
                        maximum  head error  = 0.0000 for Link p235

    25:50:00: Balanced after 2 trials
   
    25:55:00: Balancing the network:

              Trial  1: relative flow change = 0.009792
                        maximum  flow change = 0.9008 for Link p110
                        maximum  head error  = 0.0000 for Link p110

    25:55:00: Balanced after 1 trials
   
    26:00:00: Balancing the network:

              Trial  1: relative flow change = 0.010602
              Trial  2: relative flow change = 0.001787
                        maximum  flow change = 0.8536 for Link PRV-2
                        maximum  head error  = 0.0000 for Link p235

    26:00:00: Balanced after 2 trials
   
    26:05:00: Balancing the network:

              Trial  1: relative flow change = 0.008426
                        maximum  flow change = 0.7542 for Link p110
                        maximum  head error  = 0.0000 for Link p110

    26:05:00: Balanced after 1 trials
   
    26:10:00: Balancing the network:

              Trial  1: relative flow change = 0.009238
                        maximum  flow change = 0.7636 for Link p235
                        maximum  head error  = 0.0000 for Link p110

    26:10:00: Balanced after 1 trials
   
    26:15:00: Balancing the network:

              Trial  1: relative flow change = 0.008854
                        maximum  flow change = 0.7344 for Link p235
                        maximum  head error  = 0.0000 for Link p110

    26:15:00: Balanced after 1 trials
   
    26:20:00: Balancing the network:

              Trial  1: relative flow change = 0.008860
                        maximum  flow change = 0.6941 for Link p235
                        maximum  head error  = 0.0000 for Link p110

    26:20:00: Balanced after 1 trials
   
    26:25:00: Balancing the network:

              Trial  1: relative flow change = 0.009011
                        maximum  flow change = 0.6916 for Link p235
                        maximum  head error  = 0.0000 for Link p110

    26:25:00: Balanced after 1 trials
   
    26:30:00: Balancing the network:

              Trial  1: relative flow change = 0.009233
                        maximum  flow change = 0.7015 for Link p110
                        maximum  head error  = 0.0000 for Link p110

    26:30:00: Balanced after 1 trials
   
    26:35:00: Balancing the network:

              Trial  1: relative flow change = 0.009478
                        maximum  flow change = 0.7152 for Link p110
                        maximum  head error  = 0.0000 for Link p110

    26:35:00: Balanced after 1 trials
   
    26:40:00: Balancing the network:

              Trial  1: relative flow change = 0.009392
                        maximum  flow change = 0.7245 for Link p235
                        maximum  head error  = 0.0000 for Link p110

    26:40:00: Balanced after 1 trials
   
    26:45:00: Balancing the network:

              Trial  1: relative flow change = 0.009092
                        maximum  flow change = 0.7114 for Link p235
                        maximum  head error  = 0.0000 for Link p110

    26:45:00: Balanced after 1 trials
   
    26:50:00: Balancing the network:

              Trial  1: relative flow change = 0.008453
                        maximum  flow change = 0.6827 for Link p235
                        maximum  head error  = 0.0000 for Link p110

    26:50:00: Balanced after 1 trials
   
    26:55:00: Balancing the network:

              Trial  1: relative flow change = 0.007689
                        maximum  flow change = 0.6290 for Link p235
                        maximum  head error  = 0.0000 for Link p110

    26:55:00: Balanced after 1 trials
   
    27:00:00: Balancing the network:

              Trial  1: relative flow change = 0.006695
                        maximum  flow change = 0.5681 for Link p235
                        maximum  head error  = 0.0000 for Link p110

    27:00:00: Balanced after 1 trials
   
    27:05:00: Balancing the network:

              Trial  1: relative flow change = 0.005869
                        maximum  flow change = 0.4895 for Link p235
                        maximum  head error  = 0.0000 for Link p110

    27:05:00: Balanced after 1 trials
   
    27:10:00: Balancing the network:

              Trial  1: relative flow change = 0.005201
                        maximum  flow change = 0.4276 for Link p235
                        maximum  head error  = 0.0000 for Link p110

    27:10:00: Balanced after 1 trials
   
    27:15:00: Balancing the network:

              Trial  1: relative flow change = 0.004844
                        maximum  flow change = 0.3782 for Link p235
                        maximum  head error  = 0.0000 for Link p110

    27:15:00: Balanced after 1 trials
   
    27:20:00: Balancing the network:

              Trial  1: relative flow change = 0.004764
                        maximum  flow change = 0.3516 for Link p235
                        maximum  head error  = 0.0000 for Link p110

    27:20:00: Balanced after 1 trials
   
    27:25:00: Balancing the network:

              Trial  1: relative flow change = 0.004954
                        maximum  flow change = 0.3555 for Link p110
                        maximum  head error  = 0.0000 for Link p110

    27:25:00: Balanced after 1 trials
   
    27:30:00: Balancing the network:

              Trial  1: relative flow change = 0.005270
                        maximum  flow change = 0.3765 for Link p110
                        maximum  head error  = 0.0000 for Link p110

    27:30:00: Balanced after 1 trials
   
    27:35:00: Balancing the network:

              Trial  1: relative flow change = 0.005583
                        maximum  flow change = 0.3966 for Link p110
                        maximum  head error  = 0.0000 for Link p110

    27:35:00: Balanced after 1 trials
   
    27:40:00: Balancing the network:

              Trial  1: relative flow change = 0.005680
                        maximum  flow change = 0.4017 for Link p235
                        maximum  head error  = 0.0000 for Link p110

    27:40:00: Balanced after 1 trials
   
    27:45:00: Balancing the network:

              Trial  1: relative flow change = 0.005550
                        maximum  flow change = 0.4034 for Link p235
                        maximum  head error  = 0.0000 for Link p110

    27:45:00: Balanced after 1 trials
   
    27:50:00: Balancing the network:

              Trial  1: relative flow change = 0.004978
                        maximum  flow change = 0.3905 for Link p235
                        maximum  head error  = 0.0000 for Link p110

    27:50:00: Balanced after 1 trials
   
    27:55:00: Balancing the network:

              Trial  1: relative flow change = 0.004159
                        maximum  flow change = 0.3434 for Link p235
                        maximum  head error  = 0.0000 for Link p110

    27:55:00: Balanced after 1 trials
   
    28:00:00: Balancing the network:

              Trial  1: relative flow change = 0.003146
                        maximum  flow change = 0.2826 for Link p235
                        maximum  head error  = 0.0000 for Link p110

    28:00:00: Balanced after 1 trials
   
    28:05:00: Balancing the network:

              Trial  1: relative flow change = 0.001942
                        maximum  flow change = 0.2091 for Link p235
                        maximum  head error  = 0.0000 for Link p235

    28:05:00: Balanced after 1 trials
   
    28:10:00: Balancing the network:

              Trial  1: relative flow change = 0.000842
                        maximum  flow change = 0.1233 for Link p235
                        maximum  head error  = 0.0000 for Link PUMP_1

    28:10:00: Balanced after 1 trials
   
    28:15:00: Balancing the network:

              Trial  1: relative flow change = 0.000230
                        maximum  flow change = 0.0484 for Link PRV-2
                        maximum  head error  = 0.0000 for Link PUMP_1

    28:15:00: Balanced after 1 trials
   
    28:20:00: Balancing the network:

              Trial  1: relative flow change = 0.000684
                        maximum  flow change = 0.0513 for Link p110
                        maximum  head error  = 0.0000 for Link PUMP_1

    28:20:00: Balanced after 1 trials
   
    28:25:00: Balancing the network:

              Trial  1: relative flow change = 0.001003
                        maximum  flow change = 0.0701 for Link p110
                        maximum  head error  = 0.0000 for Link PUMP_1

    28:25:00: Balanced after 1 trials
   
    28:30:00: Balancing the network:

              Trial  1: relative flow change = 0.001089
                        maximum  flow change = 0.0746 for Link p110
                        maximum  head error  = 0.0000 for Link PUMP_1

    28:30:00: Balanced after 1 trials
   
    28:35:00: Balancing the network:

              Trial  1: relative flow change = 0.001176
                        maximum  flow change = 0.0783 for Link p110
                        maximum  head error  = 0.0000 for Link PUMP_1

    28:35:00: Balanced after 1 trials
   
    28:38:12: Pump PUMP_1 changed by Tank T1 control
    28:38:12: Balancing the network:

              Trial  1: relative flow change = 1.587167
              Trial  2: relative flow change = 0.119026
              Trial  3: relative flow change = 0.006311
                        maximum  flow change = 0.1354 for Link p388
                        maximum  head error  = 0.0000 for Link p686

    28:38:12: Balanced after 3 trials
    28:38:12: Tank T1 is emptying at 3.90 m
    28:38:12: Pump PUMP_1 changed from open to closed
   
    28:40:00: Balancing the network:

              Trial  1: relative flow change = 0.003526
                        maximum  flow change = 0.0928 for Link p110
                        maximum  head error  = 0.0000 for Link p110

    28:40:00: Balanced after 1 trials
   
    28:45:00: Balancing the network:

              Trial  1: relative flow change = 0.004957
                        maximum  flow change = 0.1227 for Link p110
                        maximum  head error  = 0.0000 for Link p110

    28:45:00: Balanced after 1 trials
   
    28:50:00: Balancing the network:

              Trial  1: relative flow change = 0.007174
                        maximum  flow change = 0.1820 for Link p110
                        maximum  head error  = 0.0000 for Link p110

    28:50:00: Balanced after 1 trials
   
    28:55:00: Balancing the network:

              Trial  1: relative flow change = 0.010408
              Trial  2: relative flow change = 0.001018
                        maximum  flow change = 0.2758 for Link p227
                        maximum  head error  = 0.0000 for Link p235

    28:55:00: Balanced after 2 trials
   
    29:00:00: Balancing the network:

              Trial  1: relative flow change = 0.013880
              Trial  2: relative flow change = 0.001533
                        maximum  flow change = 0.3961 for Link PRV-1
                        maximum  head error  = 0.0000 for Link p235

    29:00:00: Balanced after 2 trials
   
    29:05:00: Balancing the network:

              Trial  1: relative flow change = 0.018130
              Trial  2: relative flow change = 0.002060
                        maximum  flow change = 0.5269 for Link PRV-1
                        maximum  head error  = 0.0000 for Link p235

    29:05:00: Balanced after 2 trials
   
    29:10:00: Balancing the network:

              Trial  1: relative flow change = 0.022423
              Trial  2: relative flow change = 0.002585
                        maximum  flow change = 0.6670 for Link PRV-1
                        maximum  head error  = 0.0000 for Link p235

    29:10:00: Balanced after 2 trials
   
    29:15:00: Balancing the network:

              Trial  1: relative flow change = 0.026683
              Trial  2: relative flow change = 0.003096
                        maximum  flow change = 0.8163 for Link PRV-1
                        maximum  head error  = 0.0000 for Link p235

    29:15:00: Balanced after 2 trials
   
    29:20:00: Balancing the network:

              Trial  1: relative flow change = 0.030696
              Trial  2: relative flow change = 0.003627
                        maximum  flow change = 0.9705 for Link PRV-1
                        maximum  head error  = 0.0000 for Link p235

    29:20:00: Balanced after 2 trials
   
    29:25:00: Balancing the network:

              Trial  1: relative flow change = 0.034825
              Trial  2: relative flow change = 0.004159
                        maximum  flow change = 1.1433 for Link p227
                        maximum  head error  = 0.0000 for Link p235

    29:25:00: Balanced after 2 trials
   
    29:30:00: Balancing the network:

              Trial  1: relative flow change = 0.039151
              Trial  2: relative flow change = 0.004667
                        maximum  flow change = 1.3414 for Link p227
                        maximum  head error  = 0.0000 for Link p235

    29:30:00: Balanced after 2 trials
   
    29:35:00: Balancing the network:

              Trial  1: relative flow change = 0.044161
              Trial  2: relative flow change = 0.005295
                        maximum  flow change = 1.5887 for Link PRV-1
                        maximum  head error  = 0.0000 for Link p235

    29:35:00: Balanced after 2 trials
   
    29:40:00: Balancing the network:

              Trial  1: relative flow change = 0.049504
              Trial  2: relative flow change = 0.005894
                        maximum  flow change = 1.8820 for Link p227
                        maximum  head error  = 0.0000 for Link p235

    29:40:00: Balanced after 2 trials
   
    29:45:00: Balancing the network:

              Trial  1: relative flow change = 0.055338
              Trial  2: relative flow change = 0.006586
                        maximum  flow change = 2.2384 for Link p227
                        maximum  head error  = 0.0001 for Link p235

    29:45:00: Balanced after 2 trials
   
    29:50:00: Balancing the network:

              Trial  1: relative flow change = 0.060655
              Trial  2: relative flow change = 0.007157
                        maximum  flow change = 2.6268 for Link PRV-1
                        maximum  head error  = 0.0001 for Link p235

    29:50:00: Balanced after 2 trials
   
    29:55:00: Balancing the network:

              Trial  1: relative flow change = 0.064883
              Trial  2: relative flow change = 0.007600
                        maximum  flow change = 3.0242 for Link PRV-1
                        maximum  head error  = 0.0001 for Link p235

    29:55:00: Balanced after 2 trials
   
    30:00:00: Balancing the network:

              Trial  1: relative flow change = 0.067398
              Trial  2: relative flow change = 0.007918
                        maximum  flow change = 3.3920 for Link PRV-1
                        maximum  head error  = 0.0001 for Link p235

    30:00:00: Balanced after 2 trials
   
    30:05:00: Balancing the network:

              Trial  1: relative flow change = 0.067619
              Trial  2: relative flow change = 0.007966
                        maximum  flow change = 3.6758 for Link PRV-1
                        maximum  head error  = 0.0002 for Link p235

    30:05:00: Balanced after 2 trials
   
    30:10:00: Balancing the network:

              Trial  1: relative flow change = 0.065746
              Trial  2: relative flow change = 0.007829
                        maximum  flow change = 3.8534 for Link p227
                        maximum  head error  = 0.0002 for Link p235

    30:10:00: Balanced after 2 trials
   
    30:15:00: Balancing the network:

              Trial  1: relative flow change = 0.061755
              Trial  2: relative flow change = 0.007518
                        maximum  flow change = 3.8855 for Link p227
                        maximum  head error  = 0.0002 for Link p235

    30:15:00: Balanced after 2 trials
   
    30:20:00: Balancing the network:

              Trial  1: relative flow change = 0.056294
              Trial  2: relative flow change = 0.007058
                        maximum  flow change = 3.7787 for Link PRV-1
                        maximum  head error  = 0.0002 for Link p235

    30:20:00: Balanced after 2 trials
   
    30:25:00: Balancing the network:

              Trial  1: relative flow change = 0.050028
              Trial  2: relative flow change = 0.006538
                        maximum  flow change = 3.5564 for Link p227
                        maximum  head error  = 0.0001 for Link p235

    30:25:00: Balanced after 2 trials
   
    30:30:00: Balancing the network:

              Trial  1: relative flow change = 0.043571
              Trial  2: relative flow change = 0.005997
                        maximum  flow change = 3.2579 for Link p235
                        maximum  head error  = 0.0001 for Link p235

    30:30:00: Balanced after 2 trials
   
    30:35:00: Balancing the network:

              Trial  1: relative flow change = 0.037763
              Trial  2: relative flow change = 0.005515
                        maximum  flow change = 2.9694 for Link PRV-2
                        maximum  head error  = 0.0001 for Link p235

    30:35:00: Balanced after 2 trials
   
    30:40:00: Balancing the network:

              Trial  1: relative flow change = 0.032981
              Trial  2: relative flow change = 0.005123
                        maximum  flow change = 2.7136 for Link PRV-2
                        maximum  head error  = 0.0001 for Link p235

    30:40:00: Balanced after 2 trials
   
    30:45:00: Balancing the network:

              Trial  1: relative flow change = 0.029434
              Trial  2: relative flow change = 0.004811
                        maximum  flow change = 2.5212 for Link p235
                        maximum  head error  = 0.0001 for Link p235

    30:45:00: Balanced after 2 trials
   
    30:50:00: Balancing the network:

              Trial  1: relative flow change = 0.027310
              Trial  2: relative flow change = 0.004600
                        maximum  flow change = 2.4237 for Link p235
                        maximum  head error  = 0.0001 for Link p235

    30:50:00: Balanced after 2 trials
   
    30:55:00: Balancing the network:

              Trial  1: relative flow change = 0.026244
              Trial  2: relative flow change = 0.004475
                        maximum  flow change = 2.4049 for Link PRV-2
                        maximum  head error  = 0.0001 for Link p235

    30:55:00: Balanced after 2 trials
   
    31:00:00: Balancing the network:

              Trial  1: relative flow change = 0.025792
              Trial  2: relative flow change = 0.004366
                        maximum  flow change = 2.4331 for Link PRV-2
                        maximum  head error  = 0.0001 for Link p235

    31:00:00: Balanced after 2 trials
   
    31:05:00: Balancing the network:

              Trial  1: relative flow change = 0.025377
              Trial  2: relative flow change = 0.004255
                        maximum  flow change = 2.4627 for Link PRV-2
                        maximum  head error  = 0.0001 for Link p235

    31:05:00: Balanced after 2 trials
   
    31:10:00: Balancing the network:

              Trial  1: relative flow change = 0.024628
              Trial  2: relative flow change = 0.004107
                        maximum  flow change = 2.4578 for Link p235
                        maximum  head error  = 0.0001 for Link p235

    31:10:00: Balanced after 2 trials
   
    31:15:00: Balancing the network:

              Trial  1: relative flow change = 0.023140
              Trial  2: relative flow change = 0.003899
                        maximum  flow change = 2.3754 for Link PRV-2
                        maximum  head error  = 0.0001 for Link p235

    31:15:00: Balanced after 2 trials
   
    31:20:00: Balancing the network:

              Trial  1: relative flow change = 0.020734
              Trial  2: relative flow change = 0.003593
                        maximum  flow change = 2.1881 for Link PRV-2
                        maximum  head error  = 0.0001 for Link p235

    31:20:00: Balanced after 2 trials
   
    31:25:00: Balancing the network:

              Trial  1: relative flow change = 0.017622
              Trial  2: relative flow change = 0.003240
                        maximum  flow change = 1.9132 for Link p235
                        maximum  head error  = 0.0000 for Link p235

    31:25:00: Balanced after 2 trials
   
    31:30:00: Balancing the network:

              Trial  1: relative flow change = 0.014030
              Trial  2: relative flow change = 0.002838
                        maximum  flow change = 1.5678 for Link PRV-2
                        maximum  head error  = 0.0000 for Link p235

    31:30:00: Balanced after 2 trials
   
    31:35:00: Balancing the network:

              Trial  1: relative flow change = 0.010439
              Trial  2: relative flow change = 0.002442
                        maximum  flow change = 1.2046 for Link PRV-2
                        maximum  head error  = 0.0000 for Link p235

    31:35:00: Balanced after 2 trials
   
    31:40:00: Balancing the network:

              Trial  1: relative flow change = 0.007134
                        maximum  flow change = 0.8543 for Link p110
                        maximum  head error  = 0.0000 for Link p110

    31:40:00: Balanced after 1 trials
   
    31:45:00: Balancing the network:

              Trial  1: relative flow change = 0.006095
                        maximum  flow change = 0.8602 for Link p235
                        maximum  head error  = 0.0000 for Link p110

    31:45:00: Balanced after 1 trials
   
    31:50:00: Balancing the network:

              Trial  1: relative flow change = 0.004260
                        maximum  flow change = 0.6348 for Link p235
                        maximum  head error  = 0.0000 for Link p235

    31:50:00: Balanced after 1 trials
   
    31:55:00: Balancing the network:

              Trial  1: relative flow change = 0.003331
                        maximum  flow change = 0.4331 for Link PRV-2
                        maximum  head error  = 0.0000 for Link p153

    31:55:00: Balanced after 1 trials
   
    32:00:00: Balancing the network:

              Trial  1: relative flow change = 0.003016
                        maximum  flow change = 0.3288 for Link PRV-2
                        maximum  head error  = 0.0000 for Link p153

    32:00:00: Balanced after 1 trials
   
    32:05:00: Balancing the network:

              Trial  1: relative flow change = 0.003198
                        maximum  flow change = 0.3409 for Link p110
                        maximum  head error  = 0.0000 for Link p110

    32:05:00: Balanced after 1 trials
   
    32:10:00: Balancing the network:

              Trial  1: relative flow change = 0.003729
                        maximum  flow change = 0.4119 for Link p110
                        maximum  head error  = 0.0000 for Link p110

    32:10:00: Balanced after 1 trials
   
    32:15:00: Balancing the network:

              Trial  1: relative flow change = 0.004410
                        maximum  flow change = 0.4875 for Link p110
                        maximum  head error  = 0.0000 for Link p110

    32:15:00: Balanced after 1 trials
   
    32:20:00: Balancing the network:

              Trial  1: relative flow change = 0.004954
                        maximum  flow change = 0.5460 for Link p110
                        maximum  head error  = 0.0000 for Link p110

    32:20:00: Balanced after 1 trials
   
    32:25:00: Balancing the network:

              Trial  1: relative flow change = 0.005201
                        maximum  flow change = 0.5710 for Link p110
                        maximum  head error  = 0.0000 for Link p110

    32:25:00: Balanced after 1 trials
   
    32:30:00: Balancing the network:

              Trial  1: relative flow change = 0.005163
                        maximum  flow change = 0.5770 for Link p235
                        maximum  head error  = 0.0000 for Link p110

    32:30:00: Balanced after 1 trials
   
    32:35:00: Balancing the network:

              Trial  1: relative flow change = 0.004843
                        maximum  flow change = 0.5729 for Link p235
                        maximum  head error  = 0.0000 for Link p110

    32:35:00: Balanced after 1 trials
   
    32:40:00: Balancing the network:

              Trial  1: relative flow change = 0.004402
                        maximum  flow change = 0.5369 for Link p235
                        maximum  head error  = 0.0000 for Link p110

    32:40:00: Balanced after 1 trials
   
    32:45:00: Balancing the network:

              Trial  1: relative flow change = 0.003931
                        maximum  flow change = 0.4891 for Link p235
                        maximum  head error  = 0.0000 for Link p110

    32:45:00: Balanced after 1 trials
   
    32:50:00: Balancing the network:

              Trial  1: relative flow change = 0.003398
                        maximum  flow change = 0.4369 for Link p235
                        maximum  head error  = 0.0000 for Link p110

    32:50:00: Balanced after 1 trials
   
    32:55:00: Balancing the network:

              Trial  1: relative flow change = 0.003019
                        maximum  flow change = 0.3773 for Link p235
                        maximum  head error  = 0.0000 for Link p110

    32:55:00: Balanced after 1 trials
   
    33:00:00: Balancing the network:

              Trial  1: relative flow change = 0.002640
                        maximum  flow change = 0.3362 for Link p235
                        maximum  head error  = 0.0000 for Link p110

    33:00:00: Balanced after 1 trials
   
    33:05:00: Balancing the network:

              Trial  1: relative flow change = 0.002351
                        maximum  flow change = 0.2937 for Link p235
                        maximum  head error  = 0.0000 for Link p110

    33:05:00: Balanced after 1 trials
   
    33:10:00: Balancing the network:

              Trial  1: relative flow change = 0.002015
                        maximum  flow change = 0.2621 for Link p235
                        maximum  head error  = 0.0000 for Link p110

    33:10:00: Balanced after 1 trials
   
    33:15:00: Balancing the network:

              Trial  1: relative flow change = 0.001737
                        maximum  flow change = 0.2242 for Link p235
                        maximum  head error  = 0.0000 for Link p110

    33:15:00: Balanced after 1 trials
   
    33:20:00: Balancing the network:

              Trial  1: relative flow change = 0.001422
                        maximum  flow change = 0.1948 for Link p235
                        maximum  head error  = 0.0000 for Link p110

    33:20:00: Balanced after 1 trials
   
    33:25:00: Balancing the network:

              Trial  1: relative flow change = 0.001246
                        maximum  flow change = 0.1600 for Link p235
                        maximum  head error  = 0.0000 for Link p110

    33:25:00: Balanced after 1 trials
   
    33:30:00: Balancing the network:

              Trial  1: relative flow change = 0.001031
                        maximum  flow change = 0.1426 for Link p235
                        maximum  head error  = 0.0000 for Link p110

    33:30:00: Balanced after 1 trials
   
    33:35:00: Balancing the network:

              Trial  1: relative flow change = 0.000941
                        maximum  flow change = 0.1148 for Link PRV-2
                        maximum  head error  = 0.0000 for Link p110

    33:35:00: Balanced after 1 trials
   
    33:40:00: Balancing the network:

              Trial  1: relative flow change = 0.000900
                        maximum  flow change = 0.1034 for Link PRV-2
                        maximum  head error  = 0.0000 for Link p153

    33:40:00: Balanced after 1 trials
   
    33:45:00: Balancing the network:

              Trial  1: relative flow change = 0.000903
                        maximum  flow change = 0.0969 for Link p110
                        maximum  head error  = 0.0000 for Link p153

    33:45:00: Balanced after 1 trials
   
    33:50:00: Balancing the network:

              Trial  1: relative flow change = 0.000931
                        maximum  flow change = 0.1014 for Link p110
                        maximum  head error  = 0.0000 for Link p153

    33:50:00: Balanced after 1 trials
   
    33:55:00: Balancing the network:

              Trial  1: relative flow change = 0.000885
                        maximum  flow change = 0.1020 for Link PRV-2
                        maximum  head error  = 0.0000 for Link p153

    33:55:00: Balanced after 1 trials
   
    34:00:00: Balancing the network:

              Trial  1: relative flow change = 0.000873
                        maximum  flow change = 0.0944 for Link PRV-2
                        maximum  head error  = 0.0000 for Link p153

    34:00:00: Balanced after 1 trials
   
    34:05:00: Balancing the network:

              Trial  1: relative flow change = 0.000757
                        maximum  flow change = 0.0938 for Link PRV-2
                        maximum  head error  = 0.0000 for Link p153

    34:05:00: Balanced after 1 trials
   
    34:10:00: Balancing the network:

              Trial  1: relative flow change = 0.000648
                        maximum  flow change = 0.0740 for Link PRV-2
                        maximum  head error  = 0.0000 for Link p153

    34:10:00: Balanced after 1 trials
   
    34:15:00: Balancing the network:

              Trial  1: relative flow change = 0.000528
                        maximum  flow change = 0.0564 for Link PRV-2
                        maximum  head error  = 0.0000 for Link p153

    34:15:00: Balanced after 1 trials
   
    34:20:00: Balancing the network:

              Trial  1: relative flow change = 0.000525
                        maximum  flow change = 0.0356 for Link p239
                        maximum  head error  = 0.0000 for Link p153

    34:20:00: Balanced after 1 trials
   
    34:25:00: Balancing the network:

              Trial  1: relative flow change = 0.000689
                        maximum  flow change = 0.0443 for Link p239
                        maximum  head error  = 0.0000 for Link p153

    34:25:00: Balanced after 1 trials
   
    34:30:00: Balancing the network:

              Trial  1: relative flow change = 0.000830
                        maximum  flow change = 0.0564 for Link p227
                        maximum  head error  = 0.0000 for Link p319

    34:30:00: Balanced after 1 trials
   
    34:35:00: Balancing the network:

              Trial  1: relative flow change = 0.000962
                        maximum  flow change = 0.0739 for Link p227
                        maximum  head error  = 0.0000 for Link p319

    34:35:00: Balanced after 1 trials
   
    34:40:00: Balancing the network:

              Trial  1: relative flow change = 0.000998
                        maximum  flow change = 0.0912 for Link PRV-1
                        maximum  head error  = 0.0000 for Link p319

    34:40:00: Balanced after 1 trials
   
    34:45:00: Balancing the network:

              Trial  1: relative flow change = 0.000910
                        maximum  flow change = 0.0951 for Link p227
                        maximum  head error  = 0.0000 for Link p319

    34:45:00: Balanced after 1 trials
   
    34:50:00: Balancing the network:

              Trial  1: relative flow change = 0.000879
                        maximum  flow change = 0.0841 for Link PRV-1
                        maximum  head error  = 0.0000 for Link p319

    34:50:00: Balanced after 1 trials
   
    34:55:00: Balancing the network:

              Trial  1: relative flow change = 0.000697
                        maximum  flow change = 0.0827 for Link PRV-1
                        maximum  head error  = 0.0000 for Link p319

    34:55:00: Balanced after 1 trials
   
    35:00:00: Balancing the network:

              Trial  1: relative flow change = 0.000623
                        maximum  flow change = 0.0611 for Link p227
                        maximum  head error  = 0.0000 for Link p319

    35:00:00: Balanced after 1 trials
   
    35:05:00: Balancing the network:

              Trial  1: relative flow change = 0.000521
                        maximum  flow change = 0.0556 for Link p227
                        maximum  head error  = 0.0000 for Link p319

    35:05:00: Balanced after 1 trials
   
    35:10:00: Balancing the network:

              Trial  1: relative flow change = 0.000530
                        maximum  flow change = 0.0461 for Link PRV-1
                        maximum  head error  = 0.0000 for Link p319

    35:10:00: Balanced after 1 trials
   
    35:15:00: Balancing the network:

              Trial  1: relative flow change = 0.000613
                        maximum  flow change = 0.0563 for Link p110
                        maximum  head error  = 0.0000 for Link p110

    35:15:00: Balanced after 1 trials
   
    35:20:00: Balancing the network:

              Trial  1: relative flow change = 0.000811
                        maximum  flow change = 0.0849 for Link p110
                        maximum  head error  = 0.0000 for Link p110

    35:20:00: Balanced after 1 trials
   
    35:25:00: Balancing the network:

              Trial  1: relative flow change = 0.001094
                        maximum  flow change = 0.1179 for Link p110
                        maximum  head error  = 0.0000 for Link p110

    35:25:00: Balanced after 1 trials
   
    35:30:00: Balancing the network:

              Trial  1: relative flow change = 0.001488
                        maximum  flow change = 0.1620 for Link p110
                        maximum  head error  = 0.0000 for Link p110

    35:30:00: Balanced after 1 trials
   
    35:35:00: Balancing the network:

              Trial  1: relative flow change = 0.001810
                        maximum  flow change = 0.1938 for Link p110
                        maximum  head error  = 0.0000 for Link p110

    35:35:00: Balanced after 1 trials
   
    35:40:00: Balancing the network:

              Trial  1: relative flow change = 0.002102
                        maximum  flow change = 0.2225 for Link p110
                        maximum  head error  = 0.0000 for Link p110

    35:40:00: Balanced after 1 trials
   
    35:45:00: Balancing the network:

              Trial  1: relative flow change = 0.002180
                        maximum  flow change = 0.2263 for Link p110
                        maximum  head error  = 0.0000 for Link p110

    35:45:00: Balanced after 1 trials
   
    35:50:00: Balancing the network:

              Trial  1: relative flow change = 0.002207
                        maximum  flow change = 0.2320 for Link PRV-1
                        maximum  head error  = 0.0000 for Link p110

    35:50:00: Balanced after 1 trials
   
    35:55:00: Balancing the network:

              Trial  1: relative flow change = 0.002069
                        maximum  flow change = 0.2347 for Link p227
                        maximum  head error  = 0.0000 for Link p110

    35:55:00: Balanced after 1 trials
   
    36:00:00: Balancing the network:

              Trial  1: relative flow change = 0.001768
                        maximum  flow change = 0.2187 for Link PRV-1
                        maximum  head error  = 0.0000 for Link p110

    36:00:00: Balanced after 1 trials
   
    36:05:00: Balancing the network:

              Trial  1: relative flow change = 0.001474
                        maximum  flow change = 0.1849 for Link p227
                        maximum  head error  = 0.0000 for Link p110

    36:05:00: Balanced after 1 trials
   
    36:10:00: Balancing the network:

              Trial  1: relative flow change = 0.001138
                        maximum  flow change = 0.1540 for Link PRV-1
                        maximum  head error  = 0.0000 for Link p110

    36:10:00: Balanced after 1 trials
   
    36:15:00: Balancing the network:

              Trial  1: relative flow change = 0.000776
                        maximum  flow change = 0.1179 for Link p227
                        maximum  head error  = 0.0000 for Link p235

    36:15:00: Balanced after 1 trials
   
    36:20:00: Balancing the network:

              Trial  1: relative flow change = 0.000525
                        maximum  flow change = 0.0799 for Link p235
                        maximum  head error  = 0.0000 for Link p235

    36:20:00: Balanced after 1 trials
   
    36:25:00: Balancing the network:

              Trial  1: relative flow change = 0.000350
                        maximum  flow change = 0.0579 for Link PRV-2
                        maximum  head error  = 0.0000 for Link p235

    36:25:00: Balanced after 1 trials
   
    36:30:00: Balancing the network:

              Trial  1: relative flow change = 0.000287
                        maximum  flow change = 0.0368 for Link PRV-2
                        maximum  head error  = 0.0000 for Link p153

    36:30:00: Balanced after 1 trials
   
    36:35:00: Balancing the network:

              Trial  1: relative flow change = 0.000241
                        maximum  flow change = 0.0250 for Link PRV-2
                        maximum  head error  = 0.0000 for Link p153

    36:35:00: Balanced after 1 trials
   
    36:40:00: Balancing the network:

              Trial  1: relative flow change = 0.000227
                        maximum  flow change = 0.0150 for Link PRV-3
                        maximum  head error  = 0.0000 for Link p153

    36:40:00: Balanced after 1 trials
   
    36:45:00: Balancing the network:

              Trial  1: relative flow change = 0.000210
                        maximum  flow change = 0.0141 for Link PRV-3
                        maximum  head error  = 0.0000 for Link p153

    36:45:00: Balanced after 1 trials
   
    36:50:00: Balancing the network:

              Trial  1: relative flow change = 0.000162
                        maximum  flow change = 0.0125 for Link PRV-3
                        maximum  head error  = 0.0000 for Link p153

    36:50:00: Balanced after 1 trials
   
    36:55:00: Balancing the network:

              Trial  1: relative flow change = 0.000201
                        maximum  flow change = 0.0221 for Link p110
                        maximum  head error  = 0.0000 for Link p153

    36:55:00: Balanced after 1 trials
   
    37:00:00: Balancing the network:

              Trial  1: relative flow change = 0.000476
                        maximum  flow change = 0.0560 for Link p110
                        maximum  head error  = 0.0000 for Link p110

    37:00:00: Balanced after 1 trials
   
    37:05:00: Balancing the network:

              Trial  1: relative flow change = 0.000851
                        maximum  flow change = 0.0954 for Link p110
                        maximum  head error  = 0.0000 for Link p110

    37:05:00: Balanced after 1 trials
   
    37:10:00: Balancing the network:

              Trial  1: relative flow change = 0.001445
                        maximum  flow change = 0.1609 for Link p110
                        maximum  head error  = 0.0000 for Link p110

    37:10:00: Balanced after 1 trials
   
    37:15:00: Balancing the network:

              Trial  1: relative flow change = 0.002061
                        maximum  flow change = 0.2247 for Link p110
                        maximum  head error  = 0.0000 for Link p110

    37:15:00: Balanced after 1 trials
   
    37:20:00: Balancing the network:

              Trial  1: relative flow change = 0.002653
                        maximum  flow change = 0.2849 for Link p110
                        maximum  head error  = 0.0000 for Link p110

    37:20:00: Balanced after 1 trials
   
    37:25:00: Balancing the network:

              Trial  1: relative flow change = 0.003202
                        maximum  flow change = 0.3405 for Link p110
                        maximum  head error  = 0.0000 for Link p110

    37:25:00: Balanced after 1 trials
   
    37:30:00: Balancing the network:

              Trial  1: relative flow change = 0.003498
                        maximum  flow change = 0.3654 for Link p110
                        maximum  head error  = 0.0000 for Link p110

    37:30:00: Balanced after 1 trials
   
    37:35:00: Balancing the network:

              Trial  1: relative flow change = 0.003705
                        maximum  flow change = 0.3826 for Link p110
                        maximum  head error  = 0.0000 for Link p110

    37:35:00: Balanced after 1 trials
   
    37:40:00: Balancing the network:

              Trial  1: relative flow change = 0.003666
                        maximum  flow change = 0.3878 for Link p235
                        maximum  head error  = 0.0000 for Link p110

    37:40:00: Balanced after 1 trials
   
    37:45:00: Balancing the network:

              Trial  1: relative flow change = 0.003463
                        maximum  flow change = 0.3767 for Link p235
                        maximum  head error  = 0.0000 for Link p110

    37:45:00: Balanced after 1 trials
   
    37:50:00: Balancing the network:

              Trial  1: relative flow change = 0.003181
                        maximum  flow change = 0.3520 for Link PRV-1
                        maximum  head error  = 0.0000 for Link p110

    37:50:00: Balanced after 1 trials
   
    37:55:00: Balancing the network:

              Trial  1: relative flow change = 0.002845
                        maximum  flow change = 0.3225 for Link p227
                        maximum  head error  = 0.0000 for Link p110

    37:55:00: Balanced after 1 trials
   
    38:00:00: Balancing the network:

              Trial  1: relative flow change = 0.002616
                        maximum  flow change = 0.2879 for Link PRV-1
                        maximum  head error  = 0.0000 for Link p110

    38:00:00: Balanced after 1 trials
   
    38:05:00: Balancing the network:

              Trial  1: relative flow change = 0.002565
                        maximum  flow change = 0.2654 for Link PRV-1
                        maximum  head error  = 0.0000 for Link p110

    38:05:00: Balanced after 1 trials
   
    38:10:00: Balancing the network:

              Trial  1: relative flow change = 0.002606
                        maximum  flow change = 0.2612 for Link p227
                        maximum  head error  = 0.0000 for Link p110

    38:10:00: Balanced after 1 trials
   
    38:15:00: Balancing the network:

              Trial  1: relative flow change = 0.002882
                        maximum  flow change = 0.2801 for Link p110
                        maximum  head error  = 0.0000 for Link p110

    38:15:00: Balanced after 1 trials
   
    38:20:00: Balancing the network:

              Trial  1: relative flow change = 0.003264
                        maximum  flow change = 0.3188 for Link p110
                        maximum  head error  = 0.0000 for Link p110

    38:20:00: Balanced after 1 trials
   
    38:25:00: Balancing the network:

              Trial  1: relative flow change = 0.003875
                        maximum  flow change = 0.3815 for Link p110
                        maximum  head error  = 0.0000 for Link p110

    38:25:00: Balanced after 1 trials
   
    38:30:00: Balancing the network:

              Trial  1: relative flow change = 0.004655
                        maximum  flow change = 0.4584 for Link p110
                        maximum  head error  = 0.0000 for Link p110

    38:30:00: Balanced after 1 trials
   
    38:35:00: Balancing the network:

              Trial  1: relative flow change = 0.005527
                        maximum  flow change = 0.5429 for Link p110
                        maximum  head error  = 0.0000 for Link p110

    38:35:00: Balanced after 1 trials
   
    38:40:00: Balancing the network:

              Trial  1: relative flow change = 0.006533
                        maximum  flow change = 0.6381 for Link p110
                        maximum  head error  = 0.0000 for Link p110

    38:40:00: Balanced after 1 trials
   
    38:45:00: Balancing the network:

              Trial  1: relative flow change = 0.007544
                        maximum  flow change = 0.7317 for Link p110
                        maximum  head error  = 0.0000 for Link p110

    38:45:00: Balanced after 1 trials
   
    38:50:00: Balancing the network:

              Trial  1: relative flow change = 0.008447
                        maximum  flow change = 0.8103 for Link p110
                        maximum  head error  = 0.0000 for Link p110

    38:50:00: Balanced after 1 trials
   
    38:55:00: Balancing the network:

              Trial  1: relative flow change = 0.009219
                        maximum  flow change = 0.8766 for Link p110
                        maximum  head error  = 0.0000 for Link p110

    38:55:00: Balanced after 1 trials
   
    39:00:00: Balancing the network:

              Trial  1: relative flow change = 0.009762
                        maximum  flow change = 0.9180 for Link p110
                        maximum  head error  = 0.0000 for Link p110

    39:00:00: Balanced after 1 trials
   
    39:05:00: Balancing the network:

              Trial  1: relative flow change = 0.009833
                        maximum  flow change = 0.9318 for Link p227
                        maximum  head error  = 0.0000 for Link p110

    39:05:00: Balanced after 1 trials
   
    39:10:00: Balancing the network:

              Trial  1: relative flow change = 0.009462
                        maximum  flow change = 0.9248 for Link p235
                        maximum  head error  = 0.0000 for Link p110

    39:10:00: Balanced after 1 trials
   
    39:15:00: Balancing the network:

              Trial  1: relative flow change = 0.008632
                        maximum  flow change = 0.8798 for Link p235
                        maximum  head error  = 0.0000 for Link p110

    39:15:00: Balanced after 1 trials
   
    39:20:00: Balancing the network:

              Trial  1: relative flow change = 0.007411
                        maximum  flow change = 0.7943 for Link p235
                        maximum  head error  = 0.0000 for Link p110

    39:20:00: Balanced after 1 trials
   
    39:25:00: Balancing the network:

              Trial  1: relative flow change = 0.005889
                        maximum  flow change = 0.6751 for Link p235
                        maximum  head error  = 0.0000 for Link p110

    39:25:00: Balanced after 1 trials
   
    39:30:00: Balancing the network:

              Trial  1: relative flow change = 0.004366
                        maximum  flow change = 0.5328 for Link p235
                        maximum  head error  = 0.0000 for Link p110

    39:30:00: Balanced after 1 trials
   
    39:35:00: Balancing the network:

              Trial  1: relative flow change = 0.002832
                        maximum  flow change = 0.3949 for Link p235
                        maximum  head error  = 0.0000 for Link p235

    39:35:00: Balanced after 1 trials
   
    39:40:00: Balancing the network:

              Trial  1: relative flow change = 0.001673
                        maximum  flow change = 0.2557 for Link p235
                        maximum  head error  = 0.0000 for Link p235

    39:40:00: Balanced after 1 trials
   
    39:45:00: Balancing the network:

              Trial  1: relative flow change = 0.000844
                        maximum  flow change = 0.1521 for Link PRV-2
                        maximum  head error  = 0.0000 for Link p235

    39:45:00: Balanced after 1 trials
   
    39:50:00: Balancing the network:

              Trial  1: relative flow change = 0.000491
                        maximum  flow change = 0.0654 for Link PRV-2
                        maximum  head error  = 0.0000 for Link p153

    39:50:00: Balanced after 1 trials
   
    39:55:00: Balancing the network:

              Trial  1: relative flow change = 0.000590
                        maximum  flow change = 0.0303 for Link p239
                        maximum  head error  = 0.0000 for Link p319

    39:55:00: Balanced after 1 trials
   
    40:00:00: Balancing the network:

              Trial  1: relative flow change = 0.000759
                        maximum  flow change = 0.0486 for Link p110
                        maximum  head error  = 0.0000 for Link p319

    40:00:00: Balanced after 1 trials
   
    40:05:00: Balancing the network:

              Trial  1: relative flow change = 0.000844
                        maximum  flow change = 0.0634 for Link p110
                        maximum  head error  = 0.0000 for Link p110

    40:05:00: Balanced after 1 trials
   
    40:10:00: Balancing the network:

              Trial  1: relative flow change = 0.001097
                        maximum  flow change = 0.0937 for Link p110
                        maximum  head error  = 0.0000 for Link p110

    40:10:00: Balanced after 1 trials
   
    40:15:00: Balancing the network:

              Trial  1: relative flow change = 0.001302
                        maximum  flow change = 0.1143 for Link p110
                        maximum  head error  = 0.0000 for Link p110

    40:15:00: Balanced after 1 trials
   
    40:20:00: Balancing the network:

              Trial  1: relative flow change = 0.001631
                        maximum  flow change = 0.1454 for Link p110
                        maximum  head error  = 0.0000 for Link p110

    40:20:00: Balanced after 1 trials
   
    40:25:00: Balancing the network:

              Trial  1: relative flow change = 0.001941
                        maximum  flow change = 0.1727 for Link p110
                        maximum  head error  = 0.0000 for Link p110

    40:25:00: Balanced after 1 trials
   
    40:30:00: Balancing the network:

              Trial  1: relative flow change = 0.002242
                        maximum  flow change = 0.1997 for Link p110
                        maximum  head error  = 0.0000 for Link p110

    40:30:00: Balanced after 1 trials
   
    40:35:00: Balancing the network:

              Trial  1: relative flow change = 0.002446
                        maximum  flow change = 0.2159 for Link p110
                        maximum  head error  = 0.0000 for Link p110

    40:35:00: Balanced after 1 trials
   
    40:40:00: Balancing the network:

              Trial  1: relative flow change = 0.002606
                        maximum  flow change = 0.2300 for Link p110
                        maximum  head error  = 0.0000 for Link p110

    40:40:00: Balanced after 1 trials
   
    40:45:00: Balancing the network:

              Trial  1: relative flow change = 0.002678
                        maximum  flow change = 0.2420 for Link PRV-1
                        maximum  head error  = 0.0000 for Link p110

    40:45:00: Balanced after 1 trials
   
    40:50:00: Balancing the network:

              Trial  1: relative flow change = 0.002730
                        maximum  flow change = 0.2487 for Link p227
                        maximum  head error  = 0.0000 for Link p110

    40:50:00: Balanced after 1 trials
   
    40:55:00: Balancing the network:

              Trial  1: relative flow change = 0.002813
                        maximum  flow change = 0.2542 for Link PRV-1
                        maximum  head error  = 0.0000 for Link p110

    40:55:00: Balanced after 1 trials
   
    41:00:00: Balancing the network:

              Trial  1: relative flow change = 0.002996
                        maximum  flow change = 0.2736 for Link p110
                        maximum  head error  = 0.0000 for Link p110

    41:00:00: Balanced after 1 trials
   
    41:05:00: Balancing the network:

              Trial  1: relative flow change = 0.003046
                        maximum  flow change = 0.2807 for Link PRV-1
                        maximum  head error  = 0.0000 for Link p110

    41:05:00: Balanced after 1 trials
   
    41:10:00: Balancing the network:

              Trial  1: relative flow change = 0.003132
                        maximum  flow change = 0.2853 for Link p110
                        maximum  head error  = 0.0000 for Link p110

    41:10:00: Balanced after 1 trials
   
    41:15:00: Balancing the network:

              Trial  1: relative flow change = 0.003112
                        maximum  flow change = 0.2939 for Link p227
                        maximum  head error  = 0.0000 for Link p110

    41:15:00: Balanced after 1 trials
   
    41:20:00: Balancing the network:

              Trial  1: relative flow change = 0.003005
                        maximum  flow change = 0.2924 for Link PRV-1
                        maximum  head error  = 0.0000 for Link p110

    41:20:00: Balanced after 1 trials
   
    41:25:00: Balancing the network:

              Trial  1: relative flow change = 0.002736
                        maximum  flow change = 0.2827 for Link PRV-1
                        maximum  head error  = 0.0000 for Link p110

    41:25:00: Balanced after 1 trials
   
    41:30:00: Balancing the network:

              Trial  1: relative flow change = 0.002477
                        maximum  flow change = 0.2559 for Link p227
                        maximum  head error  = 0.0000 for Link p110

    41:30:00: Balanced after 1 trials
   
    41:35:00: Balancing the network:

              Trial  1: relative flow change = 0.002063
                        maximum  flow change = 0.2305 for Link PRV-1
                        maximum  head error  = 0.0000 for Link p110

    41:35:00: Balanced after 1 trials
   
    41:40:00: Balancing the network:

              Trial  1: relative flow change = 0.001809
                        maximum  flow change = 0.1879 for Link p227
                        maximum  head error  = 0.0000 for Link p110

    41:40:00: Balanced after 1 trials
   
    41:45:00: Balancing the network:

              Trial  1: relative flow change = 0.001632
                        maximum  flow change = 0.1649 for Link PRV-1
                        maximum  head error  = 0.0000 for Link p110

    41:45:00: Balanced after 1 trials
   
    41:50:00: Balancing the network:

              Trial  1: relative flow change = 0.001583
                        maximum  flow change = 0.1499 for Link p227
                        maximum  head error  = 0.0000 for Link p110

    41:50:00: Balanced after 1 trials
   
    41:55:00: Balancing the network:

              Trial  1: relative flow change = 0.001708
                        maximum  flow change = 0.1590 for Link p110
                        maximum  head error  = 0.0000 for Link p110

    41:55:00: Balanced after 1 trials
   
    41:55:03: Pump PUMP_1 changed by Tank T1 control
    41:55:03: Balancing the network:

              Trial  1: relative flow change = 0.987643
              PRV PRV-3 switched from active to open
              Trial  2: relative flow change = 0.985946
              Pump PUMP_1 switched from open to closed
              Trial  3: relative flow change = 6.106413
              PRV PRV-3 switched from open to active
              Trial  4: relative flow change = 1.533615
              Pump PUMP_1 switched from closed to open
              Trial  5: relative flow change = 0.964558
              PRV PRV-3 switched from active to open
              Trial  6: relative flow change = 0.937442
              PRV PRV-3 switched from open to active
              Trial  7: relative flow change = 0.881735
              Trial  8: relative flow change = 0.797647
              Trial  9: relative flow change = 0.663100
              Trial 10: relative flow change = 0.481805
              Trial 11: relative flow change = 0.279054
              Trial 12: relative flow change = 0.108364
              Trial 13: relative flow change = 0.019077
              Trial 14: relative flow change = 0.000988
                        maximum  flow change = 1.0363 for Link PRV-2
                        maximum  head error  = 0.0001 for Link PUMP_1

    41:55:03: Balanced after 14 trials
    41:55:03: Tank T1 is filling at 2.40 m
    41:55:03: Pump PUMP_1 changed from closed to open
   
    42:00:00: Balancing the network:

              Trial  1: relative flow change = 0.001255
                        maximum  flow change = 0.1858 for Link p110
                        maximum  head error  = 0.0000 for Link p110

    42:00:00: Balanced after 1 trials
   
    42:05:00: Balancing the network:

              Trial  1: relative flow change = 0.001536
                        maximum  flow change = 0.2155 for Link p110
                        maximum  head error  = 0.0000 for Link p110

    42:05:00: Balanced after 1 trials
   
    42:10:00: Balancing the network:

              Trial  1: relative flow change = 0.001767
                        maximum  flow change = 0.2483 for Link p110
                        maximum  head error  = 0.0000 for Link p110

    42:10:00: Balanced after 1 trials
   
    42:15:00: Balancing the network:

              Trial  1: relative flow change = 0.001904
                        maximum  flow change = 0.2643 for Link p110
                        maximum  head error  = 0.0000 for Link p110

    42:15:00: Balanced after 1 trials
   
    42:20:00: Balancing the network:

              Trial  1: relative flow change = 0.001867
                        maximum  flow change = 0.2679 for Link p235
                        maximum  head error  = 0.0000 for Link p110

    42:20:00: Balanced after 1 trials
   
    42:25:00: Balancing the network:

              Trial  1: relative flow change = 0.001841
                        maximum  flow change = 0.2579 for Link p227
                        maximum  head error  = 0.0000 for Link p110

    42:25:00: Balanced after 1 trials
   
    42:30:00: Balancing the network:

              Trial  1: relative flow change = 0.001692
                        maximum  flow change = 0.2566 for Link p227
                        maximum  head error  = 0.0000 for Link p110

    42:30:00: Balanced after 1 trials
   
    42:35:00: Balancing the network:

              Trial  1: relative flow change = 0.001488
                        maximum  flow change = 0.2358 for Link p227
                        maximum  head error  = 0.0000 for Link p110

    42:35:00: Balanced after 1 trials
   
    42:40:00: Balancing the network:

              Trial  1: relative flow change = 0.001271
                        maximum  flow change = 0.2074 for Link PRV-1
                        maximum  head error  = 0.0000 for Link p110

    42:40:00: Balanced after 1 trials
   
    42:45:00: Balancing the network:

              Trial  1: relative flow change = 0.001031
                        maximum  flow change = 0.1750 for Link p227
                        maximum  head error  = 0.0000 for Link PUMP_1

    42:45:00: Balanced after 1 trials
   
    42:50:00: Balancing the network:

              Trial  1: relative flow change = 0.000756
                        maximum  flow change = 0.1394 for Link PRV-1
                        maximum  head error  = 0.0000 for Link PUMP_1

    42:50:00: Balanced after 1 trials
   
    42:55:00: Balancing the network:

              Trial  1: relative flow change = 0.000431
                        maximum  flow change = 0.0987 for Link p227
                        maximum  head error  = 0.0000 for Link PUMP_1

    42:55:00: Balanced after 1 trials
   
    43:00:00: Balancing the network:

              Trial  1: relative flow change = 0.000199
                        maximum  flow change = 0.0496 for Link PRV-1
                        maximum  head error  = 0.0000 for Link PUMP_1

    43:00:00: Balanced after 1 trials
   
    43:05:00: Balancing the network:

              Trial  1: relative flow change = 0.000279
                        maximum  flow change = 0.0441 for Link p110
                        maximum  head error  = 0.0000 for Link PUMP_1

    43:05:00: Balanced after 1 trials
   
    43:10:00: Balancing the network:

              Trial  1: relative flow change = 0.000485
                        maximum  flow change = 0.0729 for Link p110
                        maximum  head error  = 0.0000 for Link PUMP_1

    43:10:00: Balanced after 1 trials
   
    43:15:00: Balancing the network:

              Trial  1: relative flow change = 0.000633
                        maximum  flow change = 0.0933 for Link p110
                        maximum  head error  = 0.0000 for Link p110

    43:15:00: Balanced after 1 trials
   
    43:20:00: Balancing the network:

              Trial  1: relative flow change = 0.000603
                        maximum  flow change = 0.0943 for Link p235
                        maximum  head error  = 0.0000 for Link p110

    43:20:00: Balanced after 1 trials
   
    43:25:00: Balancing the network:

              Trial  1: relative flow change = 0.000480
                        maximum  flow change = 0.0869 for Link p235
                        maximum  head error  = 0.0000 for Link PUMP_1

    43:25:00: Balanced after 1 trials
   
    43:30:00: Balancing the network:

              Trial  1: relative flow change = 0.000282
                        maximum  flow change = 0.0701 for Link PRV-2
                        maximum  head error  = 0.0000 for Link PUMP_1

    43:30:00: Balanced after 1 trials
   
    43:35:00: Balancing the network:

              Trial  1: relative flow change = 0.000200
                        maximum  flow change = 0.0379 for Link PRV-2
                        maximum  head error  = 0.0000 for Link PUMP_1

    43:35:00: Balanced after 1 trials
   
    43:40:00: Balancing the network:

              Trial  1: relative flow change = 0.000313
                        maximum  flow change = 0.0279 for Link p182
                        maximum  head error  = 0.0000 for Link PUMP_1

    43:40:00: Balanced after 1 trials
   
    43:45:00: Balancing the network:

              Trial  1: relative flow change = 0.000327
                        maximum  flow change = 0.0408 for Link p227
                        maximum  head error  = 0.0000 for Link PUMP_1

    43:45:00: Balanced after 1 trials
   
    43:50:00: Balancing the network:

              Trial  1: relative flow change = 0.000173
                        maximum  flow change = 0.0410 for Link PRV-1
                        maximum  head error  = 0.0000 for Link PUMP_1

    43:50:00: Balanced after 1 trials
   
    43:55:00: Balancing the network:

              Trial  1: relative flow change = 0.000351
                        maximum  flow change = 0.0555 for Link p110
                        maximum  head error  = 0.0000 for Link PUMP_1

    43:55:00: Balanced after 1 trials
   
    44:00:00: Balancing the network:

              Trial  1: relative flow change = 0.000857
                        maximum  flow change = 0.1267 for Link p110
                        maximum  head error  = 0.0000 for Link p110

    44:00:00: Balanced after 1 trials
   
    44:05:00: Balancing the network:

              Trial  1: relative flow change = 0.001325
                        maximum  flow change = 0.1873 for Link p110
                        maximum  head error  = 0.0000 for Link p110

    44:05:00: Balanced after 1 trials
   
    44:10:00: Balancing the network:

              Trial  1: relative flow change = 0.001663
                        maximum  flow change = 0.2315 for Link p110
                        maximum  head error  = 0.0000 for Link p110

    44:10:00: Balanced after 1 trials
   
    44:15:00: Balancing the network:

              Trial  1: relative flow change = 0.001661
                        maximum  flow change = 0.2346 for Link p235
                        maximum  head error  = 0.0000 for Link p110

    44:15:00: Balanced after 1 trials
   
    44:20:00: Balancing the network:

              Trial  1: relative flow change = 0.001252
                        maximum  flow change = 0.2287 for Link PRV-1
                        maximum  head error  = 0.0000 for Link p110

    44:20:00: Balanced after 1 trials
   
    44:25:00: Balancing the network:

              Trial  1: relative flow change = 0.000486
                        maximum  flow change = 0.1672 for Link PRV-1
                        maximum  head error  = 0.0000 for Link p235

    44:25:00: Balanced after 1 trials
   
    44:30:00: Balancing the network:

              Trial  1: relative flow change = 0.000590
                        maximum  flow change = 0.0821 for Link p110
                        maximum  head error  = 0.0000 for Link PUMP_1

    44:30:00: Balanced after 1 trials
   
    44:35:00: Balancing the network:

              Trial  1: relative flow change = 0.001538
                        maximum  flow change = 0.2193 for Link p110
                        maximum  head error  = 0.0000 for Link p110

    44:35:00: Balanced after 1 trials
   
    44:40:00: Balancing the network:

              Trial  1: relative flow change = 0.002362
                        maximum  flow change = 0.3291 for Link p110
                        maximum  head error  = 0.0000 for Link p110

    44:40:00: Balanced after 1 trials
   
    44:45:00: Balancing the network:

              Trial  1: relative flow change = 0.002767
                        maximum  flow change = 0.3792 for Link p110
                        maximum  head error  = 0.0000 for Link p110

    44:45:00: Balanced after 1 trials
   
    44:50:00: Balancing the network:

              Trial  1: relative flow change = 0.002715
                        maximum  flow change = 0.3931 for Link p227
                        maximum  head error  = 0.0000 for Link p110

    44:50:00: Balanced after 1 trials
   
    44:55:00: Balancing the network:

              Trial  1: relative flow change = 0.002179
                        maximum  flow change = 0.3816 for Link PRV-1
                        maximum  head error  = 0.0000 for Link p110

    44:55:00: Balanced after 1 trials
   
    45:00:00: Balancing the network:

              Trial  1: relative flow change = 0.001311
                        maximum  flow change = 0.3016 for Link p227
                        maximum  head error  = 0.0000 for Link p235

    45:00:00: Balanced after 1 trials
   
    45:05:00: Balancing the network:

              Trial  1: relative flow change = 0.000233
                        maximum  flow change = 0.1758 for Link PRV-1
                        maximum  head error  = 0.0000 for Link p235

    45:05:00: Balanced after 1 trials
   
    45:10:00: Balancing the network:

              Trial  1: relative flow change = 0.000821
                        maximum  flow change = 0.1277 for Link p110
                        maximum  head error  = 0.0000 for Link p110

    45:10:00: Balanced after 1 trials
   
    45:15:00: Balancing the network:

              Trial  1: relative flow change = 0.001777
                        maximum  flow change = 0.2610 for Link p110
                        maximum  head error  = 0.0000 for Link p110

    45:15:00: Balanced after 1 trials
   
    45:20:00: Balancing the network:

              Trial  1: relative flow change = 0.002496
                        maximum  flow change = 0.3560 for Link p110
                        maximum  head error  = 0.0000 for Link p110

    45:20:00: Balanced after 1 trials
   
    45:25:00: Balancing the network:

              Trial  1: relative flow change = 0.003053
                        maximum  flow change = 0.4294 for Link p110
                        maximum  head error  = 0.0000 for Link p110

    45:25:00: Balanced after 1 trials
   
    45:30:00: Balancing the network:

              Trial  1: relative flow change = 0.003582
                        maximum  flow change = 0.4993 for Link p110
                        maximum  head error  = 0.0000 for Link p110

    45:30:00: Balanced after 1 trials
   
    45:35:00: Balancing the network:

              Trial  1: relative flow change = 0.004189
                        maximum  flow change = 0.5810 for Link p110
                        maximum  head error  = 0.0000 for Link p110

    45:35:00: Balanced after 1 trials
   
    45:40:00: Balancing the network:

              Trial  1: relative flow change = 0.005031
                        maximum  flow change = 0.6941 for Link p110
                        maximum  head error  = 0.0000 for Link p110

    45:40:00: Balanced after 1 trials
   
    45:45:00: Balancing the network:

              Trial  1: relative flow change = 0.006094
                        maximum  flow change = 0.8340 for Link p110
                        maximum  head error  = 0.0000 for Link p110

    45:45:00: Balanced after 1 trials
   
    45:50:00: Balancing the network:

              Trial  1: relative flow change = 0.007288
                        maximum  flow change = 0.9875 for Link p110
                        maximum  head error  = 0.0000 for Link p110

    45:50:00: Balanced after 1 trials
   
    45:55:00: Balancing the network:

              Trial  1: relative flow change = 0.008465
                        maximum  flow change = 1.1313 for Link p110
                        maximum  head error  = 0.0000 for Link p110

    45:55:00: Balanced after 1 trials
   
    46:00:00: Balancing the network:

              Trial  1: relative flow change = 0.009354
                        maximum  flow change = 1.2330 for Link p110
                        maximum  head error  = 0.0000 for Link p110

    46:00:00: Balanced after 1 trials
   
    46:05:00: Balancing the network:

              Trial  1: relative flow change = 0.009829
                        maximum  flow change = 1.2743 for Link p110
                        maximum  head error  = 0.0000 for Link p110

    46:05:00: Balanced after 1 trials
   
    46:10:00: Balancing the network:

              Trial  1: relative flow change = 0.009607
                        maximum  flow change = 1.3036 for Link PRV-1
                        maximum  head error  = 0.0000 for Link p110

    46:10:00: Balanced after 1 trials
   
    46:15:00: Balancing the network:

              Trial  1: relative flow change = 0.008831
                        maximum  flow change = 1.2552 for Link PRV-1
                        maximum  head error  = 0.0000 for Link p110

    46:15:00: Balanced after 1 trials
   
    46:20:00: Balancing the network:

              Trial  1: relative flow change = 0.007480
                        maximum  flow change = 1.1385 for Link p227
                        maximum  head error  = 0.0000 for Link p110

    46:20:00: Balanced after 1 trials
   
    46:25:00: Balancing the network:

              Trial  1: relative flow change = 0.005984
                        maximum  flow change = 0.9505 for Link p227
                        maximum  head error  = 0.0000 for Link p110

    46:25:00: Balanced after 1 trials
   
    46:30:00: Balancing the network:

              Trial  1: relative flow change = 0.004518
                        maximum  flow change = 0.7524 for Link PRV-1
                        maximum  head error  = 0.0000 for Link p110

    46:30:00: Balanced after 1 trials
   
    46:35:00: Balancing the network:

              Trial  1: relative flow change = 0.003519
                        maximum  flow change = 0.5631 for Link p227
                        maximum  head error  = 0.0000 for Link p110

    46:35:00: Balanced after 1 trials
   
    46:40:00: Balancing the network:

              Trial  1: relative flow change = 0.003137
                        maximum  flow change = 0.4398 for Link PRV-1
                        maximum  head error  = 0.0000 for Link p110

    46:40:00: Balanced after 1 trials
   
    46:45:00: Balancing the network:

              Trial  1: relative flow change = 0.003440
                        maximum  flow change = 0.4201 for Link p110
                        maximum  head error  = 0.0000 for Link p110

    46:45:00: Balanced after 1 trials
   
    46:50:00: Balancing the network:

              Trial  1: relative flow change = 0.004362
                        maximum  flow change = 0.5378 for Link p110
                        maximum  head error  = 0.0000 for Link p110

    46:50:00: Balanced after 1 trials
   
    46:55:00: Balancing the network:

              Trial  1: relative flow change = 0.005682
                        maximum  flow change = 0.6996 for Link p110
                        maximum  head error  = 0.0000 for Link p110

    46:55:00: Balanced after 1 trials
   
    47:00:00: Balancing the network:

              Trial  1: relative flow change = 0.007066
                        maximum  flow change = 0.8639 for Link p110
                        maximum  head error  = 0.0000 for Link p110

    47:00:00: Balanced after 1 trials
   
    47:05:00: Balancing the network:

              Trial  1: relative flow change = 0.008371
                        maximum  flow change = 1.0141 for Link p110
                        maximum  head error  = 0.0000 for Link p110

    47:05:00: Balanced after 1 trials
   
    47:10:00: Balancing the network:

              Trial  1: relative flow change = 0.009319
                        maximum  flow change = 1.1157 for Link p110
                        maximum  head error  = 0.0000 for Link p110

    47:10:00: Balanced after 1 trials
   
    47:15:00: Balancing the network:

              Trial  1: relative flow change = 0.009798
                        maximum  flow change = 1.1593 for Link p110
                        maximum  head error  = 0.0000 for Link p110

    47:15:00: Balanced after 1 trials
   
    47:20:00: Balancing the network:

              Trial  1: relative flow change = 0.009891
                        maximum  flow change = 1.1940 for Link PRV-1
                        maximum  head error  = 0.0000 for Link p110

    47:20:00: Balanced after 1 trials
   
    47:25:00: Balancing the network:

              Trial  1: relative flow change = 0.009667
                        maximum  flow change = 1.1885 for Link p227
                        maximum  head error  = 0.0000 for Link p110

    47:25:00: Balanced after 1 trials
   
    47:30:00: Balancing the network:

              Trial  1: relative flow change = 0.009380
                        maximum  flow change = 1.1458 for Link p227
                        maximum  head error  = 0.0000 for Link p110

    47:30:00: Balanced after 1 trials
   
    47:35:00: Balancing the network:

              Trial  1: relative flow change = 0.009110
                        maximum  flow change = 1.0991 for Link PRV-1
                        maximum  head error  = 0.0000 for Link p110

    47:35:00: Balanced after 1 trials
   
    47:40:00: Balancing the network:

              Trial  1: relative flow change = 0.009031
                        maximum  flow change = 1.0617 for Link p235
                        maximum  head error  = 0.0000 for Link p110

    47:40:00: Balanced after 1 trials
   
    47:45:00: Balancing the network:

              Trial  1: relative flow change = 0.009186
                        maximum  flow change = 1.0496 for Link p235
                        maximum  head error  = 0.0000 for Link p110

    47:45:00: Balanced after 1 trials
   
    47:50:00: Balancing the network:

              Trial  1: relative flow change = 0.009550
                        maximum  flow change = 1.0841 for Link p110
                        maximum  head error  = 0.0000 for Link p110

    47:50:00: Balanced after 1 trials
   
    47:55:00: Balancing the network:

              Trial  1: relative flow change = 0.010080
              Trial  2: relative flow change = 0.001430
                        maximum  flow change = 1.1357 for Link PRV-2
                        maximum  head error  = 0.0000 for Link p235

    47:55:00: Balanced after 2 trials
   
    48:00:00: Balancing the network:

              Trial  1: relative flow change = 0.009407
                        maximum  flow change = 1.1585 for Link p110
                        maximum  head error  = 0.0000 for Link p110

    48:00:00: Balanced after 1 trials
   
    48:05:00: Balancing the network:

              Trial  1: relative flow change = 0.011176
              Trial  2: relative flow change = 0.001635
                        maximum  flow change = 1.2381 for Link p235
                        maximum  head error  = 0.0000 for Link p235

    48:05:00: Balanced after 2 trials
   
    48:10:00: Balancing the network:

              Trial  1: relative flow change = 0.010385
              Trial  2: relative flow change = 0.001725
                        maximum  flow change = 1.2571 for Link PRV-2
                        maximum  head error  = 0.0000 for Link p235

    48:10:00: Balanced after 2 trials
   
    48:15:00: Balancing the network:

              Trial  1: relative flow change = 0.010769
              Trial  2: relative flow change = 0.001826
                        maximum  flow change = 1.2916 for Link PRV-2
                        maximum  head error  = 0.0000 for Link p235

    48:15:00: Balanced after 2 trials
   
    48:20:00: Balancing the network:

              Trial  1: relative flow change = 0.011131
              Trial  2: relative flow change = 0.001941
                        maximum  flow change = 1.3235 for Link PRV-2
                        maximum  head error  = 0.0000 for Link p235

    48:20:00: Balanced after 2 trials
   
    48:25:00: Balancing the network:

              Trial  1: relative flow change = 0.011524
              Trial  2: relative flow change = 0.002055
                        maximum  flow change = 1.3567 for Link PRV-2
                        maximum  head error  = 0.0000 for Link p235

    48:25:00: Balanced after 2 trials
   
    48:30:00: Balancing the network:

              Trial  1: relative flow change = 0.011868
              Trial  2: relative flow change = 0.002158
                        maximum  flow change = 1.3822 for Link PRV-2
                        maximum  head error  = 0.0000 for Link p235

    48:30:00: Balanced after 2 trials
   
    48:35:00: Balancing the network:

              Trial  1: relative flow change = 0.012307
              Trial  2: relative flow change = 0.002273
                        maximum  flow change = 1.4167 for Link PRV-2
                        maximum  head error  = 0.0000 for Link p235

    48:35:00: Balanced after 2 trials
   
    48:40:00: Balancing the network:

              Trial  1: relative flow change = 0.012644
              Trial  2: relative flow change = 0.002344
                        maximum  flow change = 1.4353 for Link PRV-2
                        maximum  head error  = 0.0000 for Link p235

    48:40:00: Balanced after 2 trials
   
    48:45:00: Balancing the network:

              Trial  1: relative flow change = 0.012945
              Trial  2: relative flow change = 0.002397
                        maximum  flow change = 1.4475 for Link p235
                        maximum  head error  = 0.0000 for Link p235

    48:45:00: Balanced after 2 trials
   
    48:50:00: Balancing the network:

              Trial  1: relative flow change = 0.013206
              Trial  2: relative flow change = 0.002432
                        maximum  flow change = 1.4533 for Link PRV-2
                        maximum  head error  = 0.0000 for Link p235

    48:50:00: Balanced after 2 trials
   
    48:55:00: Balancing the network:

              Trial  1: relative flow change = 0.013268
              Trial  2: relative flow change = 0.002424
                        maximum  flow change = 1.4362 for Link p235
                        maximum  head error  = 0.0000 for Link p235

    48:55:00: Balanced after 2 trials
   
    49:00:00: Balancing the network:

              Trial  1: relative flow change = 0.013279
              Trial  2: relative flow change = 0.002394
                        maximum  flow change = 1.4128 for Link p235
                        maximum  head error  = 0.0000 for Link p235

    49:00:00: Balanced after 2 trials
   
    49:05:00: Balancing the network:

              Trial  1: relative flow change = 0.013200
              Trial  2: relative flow change = 0.002371
                        maximum  flow change = 1.3823 for Link p235
                        maximum  head error  = 0.0000 for Link p235

    49:05:00: Balanced after 2 trials
   
    49:10:00: Balancing the network:

              Trial  1: relative flow change = 0.013070
              Trial  2: relative flow change = 0.002341
                        maximum  flow change = 1.3475 for Link p235
                        maximum  head error  = 0.0000 for Link p235

    49:10:00: Balanced after 2 trials
   
    49:15:00: Balancing the network:

              Trial  1: relative flow change = 0.012936
              Trial  2: relative flow change = 0.002327
                        maximum  flow change = 1.3146 for Link PRV-2
                        maximum  head error  = 0.0000 for Link p235

    49:15:00: Balanced after 2 trials
   
    49:20:00: Balancing the network:

              Trial  1: relative flow change = 0.012875
              Trial  2: relative flow change = 0.002345
                        maximum  flow change = 1.2912 for Link PRV-2
                        maximum  head error  = 0.0000 for Link p235

    49:20:00: Balanced after 2 trials
   
    49:25:00: Balancing the network:

              Trial  1: relative flow change = 0.012716
              Trial  2: relative flow change = 0.002368
                        maximum  flow change = 1.2609 for Link PRV-2
                        maximum  head error  = 0.0000 for Link p235

    49:25:00: Balanced after 2 trials
   
    49:30:00: Balancing the network:

              Trial  1: relative flow change = 0.012718
              Trial  2: relative flow change = 0.002415
                        maximum  flow change = 1.2472 for Link PRV-2
                        maximum  head error  = 0.0000 for Link p235

    49:30:00: Balanced after 2 trials
   
    49:35:00: Balancing the network:

              Trial  1: relative flow change = 0.012563
              Trial  2: relative flow change = 0.002451
                        maximum  flow change = 1.2200 for Link PRV-2
                        maximum  head error  = 0.0000 for Link p235

    49:35:00: Balanced after 2 trials
   
    49:40:00: Balancing the network:

              Trial  1: relative flow change = 0.012475
              Trial  2: relative flow change = 0.002487
                        maximum  flow change = 1.1986 for Link PRV-2
                        maximum  head error  = 0.0000 for Link p235

    49:40:00: Balanced after 2 trials
   
    49:45:00: Balancing the network:

              Trial  1: relative flow change = 0.012191
              Trial  2: relative flow change = 0.002477
                        maximum  flow change = 1.1587 for Link p235
                        maximum  head error  = 0.0000 for Link p235

    49:45:00: Balanced after 2 trials
   
    49:50:00: Balancing the network:

              Trial  1: relative flow change = 0.011878
              Trial  2: relative flow change = 0.002427
                        maximum  flow change = 1.1148 for Link p235
                        maximum  head error  = 0.0000 for Link p235

    49:50:00: Balanced after 2 trials
   
    49:55:00: Balancing the network:

              Trial  1: relative flow change = 0.011354
              Trial  2: relative flow change = 0.002328
                        maximum  flow change = 1.0525 for Link p235
                        maximum  head error  = 0.0000 for Link p235

    49:55:00: Balanced after 2 trials
   
    50:00:00: Balancing the network:

              Trial  1: relative flow change = 0.010822
              Trial  2: relative flow change = 0.002197
                        maximum  flow change = 0.9895 for Link p235
                        maximum  head error  = 0.0000 for Link p235

    50:00:00: Balanced after 2 trials
   
    50:05:00: Balancing the network:

              Trial  1: relative flow change = 0.010319
              Trial  2: relative flow change = 0.002068
                        maximum  flow change = 0.9308 for Link PRV-2
                        maximum  head error  = 0.0000 for Link p235

    50:05:00: Balanced after 2 trials
   
    50:10:00: Balancing the network:

              Trial  1: relative flow change = 0.009736
                        maximum  flow change = 0.8658 for Link p110
                        maximum  head error  = 0.0000 for Link p110

    50:10:00: Balanced after 1 trials
   
    50:15:00: Balancing the network:

              Trial  1: relative flow change = 0.010818
              Trial  2: relative flow change = 0.001829
                        maximum  flow change = 0.8446 for Link p235
                        maximum  head error  = 0.0000 for Link p235

    50:15:00: Balanced after 2 trials
   
    50:20:00: Balancing the network:

              Trial  1: relative flow change = 0.008758
                        maximum  flow change = 0.7594 for Link p110
                        maximum  head error  = 0.0000 for Link p110

    50:20:00: Balanced after 1 trials
   
    50:25:00: Balancing the network:

              Trial  1: relative flow change = 0.009817
                        maximum  flow change = 0.7690 for Link p235
                        maximum  head error  = 0.0000 for Link p110

    50:25:00: Balanced after 1 trials
   
    50:30:00: Balancing the network:

              Trial  1: relative flow change = 0.009575
                        maximum  flow change = 0.7599 for Link p235
                        maximum  head error  = 0.0000 for Link p110

    50:30:00: Balanced after 1 trials
   
    50:35:00: Balancing the network:

              Trial  1: relative flow change = 0.009268
                        maximum  flow change = 0.7334 for Link p235
                        maximum  head error  = 0.0000 for Link p110

    50:35:00: Balanced after 1 trials
   
    50:40:00: Balancing the network:

              Trial  1: relative flow change = 0.009129
                        maximum  flow change = 0.7039 for Link p235
                        maximum  head error  = 0.0000 for Link p110

    50:40:00: Balanced after 1 trials
   
    50:45:00: Balancing the network:

              Trial  1: relative flow change = 0.008810
                        maximum  flow change = 0.6894 for Link p235
                        maximum  head error  = 0.0000 for Link p110

    50:45:00: Balanced after 1 trials
   
    50:50:00: Balancing the network:

              Trial  1: relative flow change = 0.008424
                        maximum  flow change = 0.6590 for Link p235
                        maximum  head error  = 0.0000 for Link p110

    50:50:00: Balanced after 1 trials
   
    50:55:00: Balancing the network:

              Trial  1: relative flow change = 0.007898
                        maximum  flow change = 0.6250 for Link p235
                        maximum  head error  = 0.0000 for Link p110

    50:55:00: Balanced after 1 trials
   
    51:00:00: Balancing the network:

              Trial  1: relative flow change = 0.007249
                        maximum  flow change = 0.5816 for Link p235
                        maximum  head error  = 0.0000 for Link p110

    51:00:00: Balanced after 1 trials
   
    51:05:00: Balancing the network:

              Trial  1: relative flow change = 0.006493
                        maximum  flow change = 0.5286 for Link p235
                        maximum  head error  = 0.0000 for Link p110

    51:05:00: Balanced after 1 trials
   
    51:10:00: Balancing the network:

              Trial  1: relative flow change = 0.005624
                        maximum  flow change = 0.4700 for Link p235
                        maximum  head error  = 0.0000 for Link p110

    51:10:00: Balanced after 1 trials
   
    51:15:00: Balancing the network:

              Trial  1: relative flow change = 0.004938
                        maximum  flow change = 0.4040 for Link p235
                        maximum  head error  = 0.0000 for Link p110

    51:15:00: Balanced after 1 trials
   
    51:20:00: Balancing the network:

              Trial  1: relative flow change = 0.004331
                        maximum  flow change = 0.3543 for Link p235
                        maximum  head error  = 0.0000 for Link p110

    51:20:00: Balanced after 1 trials
   
    51:25:00: Balancing the network:

              Trial  1: relative flow change = 0.004093
                        maximum  flow change = 0.3098 for Link p235
                        maximum  head error  = 0.0000 for Link p110

    51:25:00: Balanced after 1 trials
   
    51:30:00: Balancing the network:

              Trial  1: relative flow change = 0.004086
                        maximum  flow change = 0.2941 for Link p235
                        maximum  head error  = 0.0000 for Link p110

    51:30:00: Balanced after 1 trials
   
    51:35:00: Balancing the network:

              Trial  1: relative flow change = 0.004289
                        maximum  flow change = 0.3025 for Link p110
                        maximum  head error  = 0.0000 for Link p110

    51:35:00: Balanced after 1 trials
   
    51:40:00: Balancing the network:

              Trial  1: relative flow change = 0.004618
                        maximum  flow change = 0.3225 for Link p110
                        maximum  head error  = 0.0000 for Link p110

    51:40:00: Balanced after 1 trials
   
    51:45:00: Balancing the network:

              Trial  1: relative flow change = 0.004794
                        maximum  flow change = 0.3301 for Link p110
                        maximum  head error  = 0.0000 for Link p110

    51:45:00: Balanced after 1 trials
   
    51:50:00: Balancing the network:

              Trial  1: relative flow change = 0.004736
                        maximum  flow change = 0.3343 for Link p235
                        maximum  head error  = 0.0000 for Link p110

    51:50:00: Balanced after 1 trials
   
    51:55:00: Balancing the network:

              Trial  1: relative flow change = 0.004407
                        maximum  flow change = 0.3267 for Link p235
                        maximum  head error  = 0.0000 for Link p110

    51:55:00: Balanced after 1 trials
   
    52:00:00: Balancing the network:

              Trial  1: relative flow change = 0.003665
                        maximum  flow change = 0.2992 for Link p235
                        maximum  head error  = 0.0000 for Link p110

    52:00:00: Balanced after 1 trials
   
    52:05:00: Balancing the network:

              Trial  1: relative flow change = 0.002638
                        maximum  flow change = 0.2461 for Link p235
                        maximum  head error  = 0.0000 for Link p235

    52:05:00: Balanced after 1 trials
   
    52:10:00: Balancing the network:

              Trial  1: relative flow change = 0.001487
                        maximum  flow change = 0.1737 for Link p235
                        maximum  head error  = 0.0000 for Link PUMP_1

    52:10:00: Balanced after 1 trials
   
    52:15:00: Balancing the network:

              Trial  1: relative flow change = 0.000594
                        maximum  flow change = 0.0972 for Link PRV-2
                        maximum  head error  = 0.0000 for Link PUMP_1

    52:15:00: Balanced after 1 trials
   
    52:20:00: Balancing the network:

              Trial  1: relative flow change = 0.000543
                        maximum  flow change = 0.0341 for Link PRV-2
                        maximum  head error  = 0.0000 for Link PUMP_1

    52:20:00: Balanced after 1 trials
   
    52:25:00: Balancing the network:

              Trial  1: relative flow change = 0.000848
                        maximum  flow change = 0.0384 for Link p182
                        maximum  head error  = 0.0000 for Link PUMP_1

    52:25:00: Balanced after 1 trials
   
    52:30:00: Balancing the network:

              Trial  1: relative flow change = 0.000991
                        maximum  flow change = 0.0560 for Link PRV-1
                        maximum  head error  = 0.0000 for Link PUMP_1

    52:30:00: Balanced after 1 trials
   
    52:35:00: Balancing the network:

              Trial  1: relative flow change = 0.000853
                        maximum  flow change = 0.0649 for Link p227
                        maximum  head error  = 0.0000 for Link PUMP_1

    52:35:00: Balanced after 1 trials
   
    52:40:00: Balancing the network:

              Trial  1: relative flow change = 0.000891
                        maximum  flow change = 0.0535 for Link p227
                        maximum  head error  = 0.0000 for Link PUMP_1

    52:40:00: Balanced after 1 trials
   
    52:45:00: Balancing the network:

              Trial  1: relative flow change = 0.001119
                        maximum  flow change = 0.0693 for Link p110
                        maximum  head error  = 0.0000 for Link PUMP_1

    52:45:00: Balanced after 1 trials
   
    52:50:00: Balancing the network:

              Trial  1: relative flow change = 0.001737
                        maximum  flow change = 0.1194 for Link p110
                        maximum  head error  = 0.0000 for Link PUMP_1

    52:50:00: Balanced after 1 trials
   
    52:55:00: Balancing the network:

              Trial  1: relative flow change = 0.002993
                        maximum  flow change = 0.2117 for Link p110
                        maximum  head error  = 0.0000 for Link p110

    52:55:00: Balanced after 1 trials
   
    52:55:57: Pump PUMP_1 changed by Tank T1 control
    52:55:57: Balancing the network:

              Trial  1: relative flow change = 1.601502
              Trial  2: relative flow change = 0.119130
              Trial  3: relative flow change = 0.006288
                        maximum  flow change = 0.1335 for Link p388
                        maximum  head error  = 0.0000 for Link p686

    52:55:57: Balanced after 3 trials
    52:55:57: Tank T1 is emptying at 3.90 m
    52:55:57: Pump PUMP_1 changed from open to closed
   
    53:00:00: Balancing the network:

              Trial  1: relative flow change = 0.011702
              Trial  2: relative flow change = 0.001813
                        maximum  flow change = 0.3238 for Link p235
                        maximum  head error  = 0.0000 for Link p235

    53:00:00: Balanced after 2 trials
   
    53:05:00: Balancing the network:

              Trial  1: relative flow change = 0.015960
              Trial  2: relative flow change = 0.002426
                        maximum  flow change = 0.4482 for Link p235
                        maximum  head error  = 0.0000 for Link p235

    53:05:00: Balanced after 2 trials
   
    53:10:00: Balancing the network:

              Trial  1: relative flow change = 0.020310
              Trial  2: relative flow change = 0.003036
                        maximum  flow change = 0.5819 for Link p235
                        maximum  head error  = 0.0000 for Link p235

    53:10:00: Balanced after 2 trials
   
    53:15:00: Balancing the network:

              Trial  1: relative flow change = 0.024323
              Trial  2: relative flow change = 0.003488
                        maximum  flow change = 0.7120 for Link PRV-2
                        maximum  head error  = 0.0000 for Link p235

    53:15:00: Balanced after 2 trials
   
    53:20:00: Balancing the network:

              Trial  1: relative flow change = 0.028348
              Trial  2: relative flow change = 0.003839
                        maximum  flow change = 0.8552 for Link PRV-1
                        maximum  head error  = 0.0000 for Link p235

    53:20:00: Balanced after 2 trials
   
    53:25:00: Balancing the network:

              Trial  1: relative flow change = 0.032447
              Trial  2: relative flow change = 0.004121
                        maximum  flow change = 1.0147 for Link p227
                        maximum  head error  = 0.0000 for Link p235

    53:25:00: Balanced after 2 trials
   
    53:30:00: Balancing the network:

              Trial  1: relative flow change = 0.037601
              Trial  2: relative flow change = 0.004561
                        maximum  flow change = 1.2256 for Link PRV-1
                        maximum  head error  = 0.0000 for Link p235

    53:30:00: Balanced after 2 trials
   
    53:35:00: Balancing the network:

              Trial  1: relative flow change = 0.043433
              Trial  2: relative flow change = 0.005036
                        maximum  flow change = 1.4849 for Link PRV-1
                        maximum  head error  = 0.0000 for Link p235

    53:35:00: Balanced after 2 trials
   
    53:40:00: Balancing the network:

              Trial  1: relative flow change = 0.050689
              Trial  2: relative flow change = 0.005741
                        maximum  flow change = 1.8331 for Link PRV-1
                        maximum  head error  = 0.0000 for Link p235

    53:40:00: Balanced after 2 trials
   
    53:45:00: Balancing the network:

              Trial  1: relative flow change = 0.058224
              Trial  2: relative flow change = 0.006563
                        maximum  flow change = 2.2470 for Link p227
                        maximum  head error  = 0.0001 for Link p235

    53:45:00: Balanced after 2 trials
   
    53:50:00: Balancing the network:

              Trial  1: relative flow change = 0.065326
              Trial  2: relative flow change = 0.007385
                        maximum  flow change = 2.7125 for Link PRV-1
                        maximum  head error  = 0.0001 for Link p235

    53:50:00: Balanced after 2 trials
   
    53:55:00: Balancing the network:

              Trial  1: relative flow change = 0.070826
              Trial  2: relative flow change = 0.008112
                        maximum  flow change = 3.1857 for Link PRV-1
                        maximum  head error  = 0.0001 for Link p235

    53:55:00: Balanced after 2 trials
   
    54:00:00: Balancing the network:

              Trial  1: relative flow change = 0.073620
              Trial  2: relative flow change = 0.008558
                        maximum  flow change = 3.6008 for Link PRV-1
                        maximum  head error  = 0.0002 for Link p235

    54:00:00: Balanced after 2 trials
   
    54:05:00: Balancing the network:

              Trial  1: relative flow change = 0.073707
              Trial  2: relative flow change = 0.008756
                        maximum  flow change = 3.9214 for Link PRV-1
                        maximum  head error  = 0.0002 for Link p235

    54:05:00: Balanced after 2 trials
   
    54:10:00: Balancing the network:

              Trial  1: relative flow change = 0.070890
              Trial  2: relative flow change = 0.008619
                        maximum  flow change = 4.0911 for Link PRV-1
                        maximum  head error  = 0.0002 for Link p235

    54:10:00: Balanced after 2 trials
   
    54:15:00: Balancing the network:

              Trial  1: relative flow change = 0.065685
              Trial  2: relative flow change = 0.008206
                        maximum  flow change = 4.0890 for Link p227
                        maximum  head error  = 0.0002 for Link p235

    54:15:00: Balanced after 2 trials
   
    54:20:00: Balancing the network:

              Trial  1: relative flow change = 0.058761
              Trial  2: relative flow change = 0.007569
                        maximum  flow change = 3.9148 for Link p227
                        maximum  head error  = 0.0002 for Link p235

    54:20:00: Balanced after 2 trials
   
    54:25:00: Balancing the network:

              Trial  1: relative flow change = 0.051342
              Trial  2: relative flow change = 0.006861
                        maximum  flow change = 3.6289 for Link p227
                        maximum  head error  = 0.0002 for Link p235

    54:25:00: Balanced after 2 trials
   
    54:30:00: Balancing the network:

              Trial  1: relative flow change = 0.043993
              Trial  2: relative flow change = 0.006134
                        maximum  flow change = 3.2787 for Link PRV-2
                        maximum  head error  = 0.0001 for Link p235

    54:30:00: Balanced after 2 trials
   
    54:35:00: Balancing the network:

              Trial  1: relative flow change = 0.037411
              Trial  2: relative flow change = 0.005468
                        maximum  flow change = 2.9273 for Link p235
                        maximum  head error  = 0.0001 for Link p235

    54:35:00: Balanced after 2 trials
   
    54:40:00: Balancing the network:

              Trial  1: relative flow change = 0.032357
              Trial  2: relative flow change = 0.004959
                        maximum  flow change = 2.6431 for Link p235
                        maximum  head error  = 0.0001 for Link p235

    54:40:00: Balanced after 2 trials
   
    54:45:00: Balancing the network:

              Trial  1: relative flow change = 0.028839
              Trial  2: relative flow change = 0.004587
                        maximum  flow change = 2.4467 for Link p235
                        maximum  head error  = 0.0001 for Link p235

    54:45:00: Balanced after 2 trials
   
    54:50:00: Balancing the network:

              Trial  1: relative flow change = 0.026848
              Trial  2: relative flow change = 0.004396
                        maximum  flow change = 2.3581 for Link p235
                        maximum  head error  = 0.0001 for Link p235

    54:50:00: Balanced after 2 trials
   
    54:55:00: Balancing the network:

              Trial  1: relative flow change = 0.026068
              Trial  2: relative flow change = 0.004323
                        maximum  flow change = 2.3636 for Link p235
                        maximum  head error  = 0.0001 for Link p235

    54:55:00: Balanced after 2 trials
   
    55:00:00: Balancing the network:

              Trial  1: relative flow change = 0.025879
              Trial  2: relative flow change = 0.004326
                        maximum  flow change = 2.4201 for Link p235
                        maximum  head error  = 0.0001 for Link p235

    55:00:00: Balanced after 2 trials
   
    55:05:00: Balancing the network:

              Trial  1: relative flow change = 0.025631
              Trial  2: relative flow change = 0.004302
                        maximum  flow change = 2.4703 for Link PRV-2
                        maximum  head error  = 0.0001 for Link p235

    55:05:00: Balanced after 2 trials
   
    55:10:00: Balancing the network:

              Trial  1: relative flow change = 0.025037
              Trial  2: relative flow change = 0.004252
                        maximum  flow change = 2.4879 for Link p235
                        maximum  head error  = 0.0001 for Link p235

    55:10:00: Balanced after 2 trials
   
    55:15:00: Balancing the network:

              Trial  1: relative flow change = 0.023560
              Trial  2: relative flow change = 0.004084
                        maximum  flow change = 2.4123 for Link p235
                        maximum  head error  = 0.0001 for Link p235

    55:15:00: Balanced after 2 trials
   
    55:20:00: Balancing the network:

              Trial  1: relative flow change = 0.021272
              Trial  2: relative flow change = 0.003832
                        maximum  flow change = 2.2439 for Link p235
                        maximum  head error  = 0.0001 for Link p235

    55:20:00: Balanced after 2 trials
   
    55:25:00: Balancing the network:

              Trial  1: relative flow change = 0.018319
              Trial  2: relative flow change = 0.003481
                        maximum  flow change = 1.9882 for Link PRV-2
                        maximum  head error  = 0.0000 for Link p235

    55:25:00: Balanced after 2 trials
   
    55:30:00: Balancing the network:

              Trial  1: relative flow change = 0.015018
              Trial  2: relative flow change = 0.003072
                        maximum  flow change = 1.6751 for Link p235
                        maximum  head error  = 0.0000 for Link p235

    55:30:00: Balanced after 2 trials
   
    55:35:00: Balancing the network:

              Trial  1: relative flow change = 0.011662
              Trial  2: relative flow change = 0.002649
                        maximum  flow change = 1.3378 for Link PRV-2
                        maximum  head error  = 0.0000 for Link p235

    55:35:00: Balanced after 2 trials
   
    55:40:00: Balancing the network:

              Trial  1: relative flow change = 0.008641
                        maximum  flow change = 1.0210 for Link p110
                        maximum  head error  = 0.0000 for Link p110

    55:40:00: Balanced after 1 trials
   
    55:45:00: Balancing the network:

              Trial  1: relative flow change = 0.007918
                        maximum  flow change = 1.0297 for Link p235
                        maximum  head error  = 0.0000 for Link p110

    55:45:00: Balanced after 1 trials
   
    55:50:00: Balancing the network:

              Trial  1: relative flow change = 0.005905
                        maximum  flow change = 0.8271 for Link p235
                        maximum  head error  = 0.0000 for Link p110

    55:50:00: Balanced after 1 trials
   
    55:55:00: Balancing the network:

              Trial  1: relative flow change = 0.004665
                        maximum  flow change = 0.6200 for Link p235
                        maximum  head error  = 0.0000 for Link p110

    55:55:00: Balanced after 1 trials
   
    56:00:00: Balancing the network:

              Trial  1: relative flow change = 0.003938
                        maximum  flow change = 0.4966 for Link p235
                        maximum  head error  = 0.0000 for Link p110

    56:00:00: Balanced after 1 trials
   
    56:05:00: Balancing the network:

              Trial  1: relative flow change = 0.003731
                        maximum  flow change = 0.4217 for Link p235
                        maximum  head error  = 0.0000 for Link p110

    56:05:00: Balanced after 1 trials
   
    56:10:00: Balancing the network:

              Trial  1: relative flow change = 0.003748
                        maximum  flow change = 0.4105 for Link p110
                        maximum  head error  = 0.0000 for Link p110

    56:10:00: Balanced after 1 trials
   
    56:15:00: Balancing the network:

              Trial  1: relative flow change = 0.003785
                        maximum  flow change = 0.4166 for Link p110
                        maximum  head error  = 0.0000 for Link p110

    56:15:00: Balanced after 1 trials
   
    56:20:00: Balancing the network:

              Trial  1: relative flow change = 0.003851
                        maximum  flow change = 0.4258 for Link p110
                        maximum  head error  = 0.0000 for Link p110

    56:20:00: Balanced after 1 trials
   
    56:25:00: Balancing the network:

              Trial  1: relative flow change = 0.003779
                        maximum  flow change = 0.4295 for Link p235
                        maximum  head error  = 0.0000 for Link p110

    56:25:00: Balanced after 1 trials
   
    56:30:00: Balancing the network:

              Trial  1: relative flow change = 0.003619
                        maximum  flow change = 0.4212 for Link p235
                        maximum  head error  = 0.0000 for Link p110

    56:30:00: Balanced after 1 trials
   
    56:35:00: Balancing the network:

              Trial  1: relative flow change = 0.003331
                        maximum  flow change = 0.4031 for Link p235
                        maximum  head error  = 0.0000 for Link p110

    56:35:00: Balanced after 1 trials
   
    56:40:00: Balancing the network:

              Trial  1: relative flow change = 0.002986
                        maximum  flow change = 0.3698 for Link p235
                        maximum  head error  = 0.0000 for Link p110

    56:40:00: Balanced after 1 trials
   
    56:45:00: Balancing the network:

              Trial  1: relative flow change = 0.002624
                        maximum  flow change = 0.3306 for Link p235
                        maximum  head error  = 0.0000 for Link p110

    56:45:00: Balanced after 1 trials
   
    56:50:00: Balancing the network:

              Trial  1: relative flow change = 0.002216
                        maximum  flow change = 0.2903 for Link p235
                        maximum  head error  = 0.0000 for Link p110

    56:50:00: Balanced after 1 trials
   
    56:55:00: Balancing the network:

              Trial  1: relative flow change = 0.001795
                        maximum  flow change = 0.2441 for Link p235
                        maximum  head error  = 0.0000 for Link p110

    56:55:00: Balanced after 1 trials
   
    57:00:00: Balancing the network:

              Trial  1: relative flow change = 0.001462
                        maximum  flow change = 0.1969 for Link p235
                        maximum  head error  = 0.0000 for Link p110

    57:00:00: Balanced after 1 trials
   
    57:05:00: Balancing the network:

              Trial  1: relative flow change = 0.001179
                        maximum  flow change = 0.1613 for Link p235
                        maximum  head error  = 0.0000 for Link p110

    57:05:00: Balanced after 1 trials
   
    57:10:00: Balancing the network:

              Trial  1: relative flow change = 0.000955
                        maximum  flow change = 0.1293 for Link PRV-2
                        maximum  head error  = 0.0000 for Link p110

    57:10:00: Balanced after 1 trials
   
    57:15:00: Balancing the network:

              Trial  1: relative flow change = 0.000870
                        maximum  flow change = 0.1019 for Link PRV-2
                        maximum  head error  = 0.0000 for Link p153

    57:15:00: Balanced after 1 trials
   
    57:20:00: Balancing the network:

              Trial  1: relative flow change = 0.000878
                        maximum  flow change = 0.0937 for Link p110
                        maximum  head error  = 0.0000 for Link p153

    57:20:00: Balanced after 1 trials
   
    57:25:00: Balancing the network:

              Trial  1: relative flow change = 0.000966
                        maximum  flow change = 0.1065 for Link p110
                        maximum  head error  = 0.0000 for Link p110

    57:25:00: Balanced after 1 trials
   
    57:30:00: Balancing the network:

              Trial  1: relative flow change = 0.001128
                        maximum  flow change = 0.1293 for Link p110
                        maximum  head error  = 0.0000 for Link p110

    57:30:00: Balanced after 1 trials
   
    57:35:00: Balancing the network:

              Trial  1: relative flow change = 0.001282
                        maximum  flow change = 0.1468 for Link p110
                        maximum  head error  = 0.0000 for Link p110

    57:35:00: Balanced after 1 trials
   
    57:40:00: Balancing the network:

              Trial  1: relative flow change = 0.001470
                        maximum  flow change = 0.1678 for Link p110
                        maximum  head error  = 0.0000 for Link p110

    57:40:00: Balanced after 1 trials
   
    57:45:00: Balancing the network:

              Trial  1: relative flow change = 0.001516
                        maximum  flow change = 0.1708 for Link p110
                        maximum  head error  = 0.0000 for Link p110

    57:45:00: Balanced after 1 trials
   
    57:50:00: Balancing the network:

              Trial  1: relative flow change = 0.001449
                        maximum  flow change = 0.1726 for Link p235
                        maximum  head error  = 0.0000 for Link p110

    57:50:00: Balanced after 1 trials
   
    57:55:00: Balancing the network:

              Trial  1: relative flow change = 0.001307
                        maximum  flow change = 0.1633 for Link p235
                        maximum  head error  = 0.0000 for Link p110

    57:55:00: Balanced after 1 trials
   
    58:00:00: Balancing the network:

              Trial  1: relative flow change = 0.001071
                        maximum  flow change = 0.1480 for Link p235
                        maximum  head error  = 0.0000 for Link p110

    58:00:00: Balanced after 1 trials
   
    58:05:00: Balancing the network:

              Trial  1: relative flow change = 0.000818
                        maximum  flow change = 0.1206 for Link p235
                        maximum  head error  = 0.0000 for Link p110

    58:05:00: Balanced after 1 trials
   
    58:10:00: Balancing the network:

              Trial  1: relative flow change = 0.000631
                        maximum  flow change = 0.0894 for Link PRV-2
                        maximum  head error  = 0.0000 for Link p153

    58:10:00: Balanced after 1 trials
   
    58:15:00: Balancing the network:

              Trial  1: relative flow change = 0.000552
                        maximum  flow change = 0.0579 for Link PRV-2
                        maximum  head error  = 0.0000 for Link p153

    58:15:00: Balanced after 1 trials
   
    58:20:00: Balancing the network:

              Trial  1: relative flow change = 0.000552
                        maximum  flow change = 0.0357 for Link PRV-2
                        maximum  head error  = 0.0000 for Link p153

    58:20:00: Balanced after 1 trials
   
    58:25:00: Balancing the network:

              Trial  1: relative flow change = 0.000593
                        maximum  flow change = 0.0401 for Link p239
                        maximum  head error  = 0.0000 for Link p153

    58:25:00: Balanced after 1 trials
   
    58:30:00: Balancing the network:

              Trial  1: relative flow change = 0.000594
                        maximum  flow change = 0.0402 for Link p239
                        maximum  head error  = 0.0000 for Link p153

    58:30:00: Balanced after 1 trials
   
    58:35:00: Balancing the network:

              Trial  1: relative flow change = 0.000591
                        maximum  flow change = 0.0398 for Link p239
                        maximum  head error  = 0.0000 for Link p153

    58:35:00: Balanced after 1 trials
   
    58:40:00: Balancing the network:

              Trial  1: relative flow change = 0.000571
                        maximum  flow change = 0.0377 for Link p239
                        maximum  head error  = 0.0000 for Link p153

    58:40:00: Balanced after 1 trials
   
    58:45:00: Balancing the network:

              Trial  1: relative flow change = 0.000536
                        maximum  flow change = 0.0383 for Link p227
                        maximum  head error  = 0.0000 for Link p153

    58:45:00: Balanced after 1 trials
   
    58:50:00: Balancing the network:

              Trial  1: relative flow change = 0.000538
                        maximum  flow change = 0.0387 for Link PRV-1
                        maximum  head error  = 0.0000 for Link p153

    58:50:00: Balanced after 1 trials
   
    58:55:00: Balancing the network:

              Trial  1: relative flow change = 0.000488
                        maximum  flow change = 0.0441 for Link p227
                        maximum  head error  = 0.0000 for Link p319

    58:55:00: Balanced after 1 trials
   
    59:00:00: Balancing the network:

              Trial  1: relative flow change = 0.000468
                        maximum  flow change = 0.0399 for Link PRV-1
                        maximum  head error  = 0.0000 for Link p319

    59:00:00: Balanced after 1 trials
   
    59:05:00: Balancing the network:

              Trial  1: relative flow change = 0.000448
                        maximum  flow change = 0.0390 for Link PRV-1
                        maximum  head error  = 0.0000 for Link p319

    59:05:00: Balanced after 1 trials
   
    59:10:00: Balancing the network:

              Trial  1: relative flow change = 0.000402
                        maximum  flow change = 0.0373 for Link p227
                        maximum  head error  = 0.0000 for Link p153

    59:10:00: Balanced after 1 trials
   
    59:15:00: Balancing the network:

              Trial  1: relative flow change = 0.000408
                        maximum  flow change = 0.0305 for Link p227
                        maximum  head error  = 0.0000 for Link p153

    59:15:00: Balanced after 1 trials
   
    59:20:00: Balancing the network:

              Trial  1: relative flow change = 0.000474
                        maximum  flow change = 0.0326 for Link p227
                        maximum  head error  = 0.0000 for Link p319

    59:20:00: Balanced after 1 trials
   
    59:25:00: Balancing the network:

              Trial  1: relative flow change = 0.000629
                        maximum  flow change = 0.0487 for Link p110
                        maximum  head error  = 0.0000 for Link p319

    59:25:00: Balanced after 1 trials
   
    59:30:00: Balancing the network:

              Trial  1: relative flow change = 0.000835
                        maximum  flow change = 0.0755 for Link p110
                        maximum  head error  = 0.0000 for Link p110

    59:30:00: Balanced after 1 trials
   
    59:35:00: Balancing the network:

              Trial  1: relative flow change = 0.001135
                        maximum  flow change = 0.1119 for Link p110
                        maximum  head error  = 0.0000 for Link p110

    59:35:00: Balanced after 1 trials
   
    59:40:00: Balancing the network:

              Trial  1: relative flow change = 0.001332
                        maximum  flow change = 0.1349 for Link p110
                        maximum  head error  = 0.0000 for Link p110

    59:40:00: Balanced after 1 trials
   
    59:45:00: Balancing the network:

              Trial  1: relative flow change = 0.001583
                        maximum  flow change = 0.1655 for Link p110
                        maximum  head error  = 0.0000 for Link p110

    59:45:00: Balanced after 1 trials
   
    59:50:00: Balancing the network:

              Trial  1: relative flow change = 0.001531
                        maximum  flow change = 0.1719 for Link PRV-1
                        maximum  head error  = 0.0000 for Link p110

    59:50:00: Balanced after 1 trials
   
    59:55:00: Balancing the network:

              Trial  1: relative flow change = 0.001476
                        maximum  flow change = 0.1627 for Link PRV-1
                        maximum  head error  = 0.0000 for Link p110

    59:55:00: Balanced after 1 trials
   
    60:00:00: Balancing the network:

              Trial  1: relative flow change = 0.001249
                        maximum  flow change = 0.1567 for Link p227
                        maximum  head error  = 0.0000 for Link p110

    60:00:00: Balanced after 1 trials
   
    60:05:00: Balancing the network:

              Trial  1: relative flow change = 0.000890
                        maximum  flow change = 0.1301 for Link PRV-1
                        maximum  head error  = 0.0000 for Link p235

    60:05:00: Balanced after 1 trials
   
    60:10:00: Balancing the network:

              Trial  1: relative flow change = 0.000686
                        maximum  flow change = 0.0912 for Link p235
                        maximum  head error  = 0.0000 for Link p110

    60:10:00: Balanced after 1 trials
   
    60:15:00: Balancing the network:

              Trial  1: relative flow change = 0.000497
                        maximum  flow change = 0.0718 for Link p235
                        maximum  head error  = 0.0000 for Link p110

    60:15:00: Balanced after 1 trials
   
    60:20:00: Balancing the network:

              Trial  1: relative flow change = 0.000491
                        maximum  flow change = 0.0543 for Link p110
                        maximum  head error  = 0.0000 for Link p110

    60:20:00: Balanced after 1 trials
   
    60:25:00: Balancing the network:

              Trial  1: relative flow change = 0.000724
                        maximum  flow change = 0.0805 for Link p110
                        maximum  head error  = 0.0000 for Link p110

    60:25:00: Balanced after 1 trials
   
    60:30:00: Balancing the network:

              Trial  1: relative flow change = 0.001014
                        maximum  flow change = 0.1109 for Link p110
                        maximum  head error  = 0.0000 for Link p110

    60:30:00: Balanced after 1 trials
   
    60:35:00: Balancing the network:

              Trial  1: relative flow change = 0.001389
                        maximum  flow change = 0.1504 for Link p110
                        maximum  head error  = 0.0000 for Link p110

    60:35:00: Balanced after 1 trials
   
    60:40:00: Balancing the network:

              Trial  1: relative flow change = 0.001730
                        maximum  flow change = 0.1835 for Link p110
                        maximum  head error  = 0.0000 for Link p110

    60:40:00: Balanced after 1 trials
   
    60:45:00: Balancing the network:

              Trial  1: relative flow change = 0.001896
                        maximum  flow change = 0.1981 for Link p110
                        maximum  head error  = 0.0000 for Link p110

    60:45:00: Balanced after 1 trials
   
    60:50:00: Balancing the network:

              Trial  1: relative flow change = 0.001841
                        maximum  flow change = 0.2008 for Link p235
                        maximum  head error  = 0.0000 for Link p110

    60:50:00: Balanced after 1 trials
   
    60:55:00: Balancing the network:

              Trial  1: relative flow change = 0.001637
                        maximum  flow change = 0.1914 for Link PRV-1
                        maximum  head error  = 0.0000 for Link p110

    60:55:00: Balanced after 1 trials
   
    61:00:00: Balancing the network:

              Trial  1: relative flow change = 0.001246
                        maximum  flow change = 0.1690 for Link PRV-1
                        maximum  head error  = 0.0000 for Link p110

    61:00:00: Balanced after 1 trials
   
    61:05:00: Balancing the network:

              Trial  1: relative flow change = 0.000963
                        maximum  flow change = 0.1264 for Link p227
                        maximum  head error  = 0.0000 for Link p110

    61:05:00: Balanced after 1 trials
   
    61:10:00: Balancing the network:

              Trial  1: relative flow change = 0.000792
                        maximum  flow change = 0.0990 for Link p235
                        maximum  head error  = 0.0000 for Link p110

    61:10:00: Balanced after 1 trials
   
    61:15:00: Balancing the network:

              Trial  1: relative flow change = 0.000862
                        maximum  flow change = 0.0942 for Link p110
                        maximum  head error  = 0.0000 for Link p110

    61:15:00: Balanced after 1 trials
   
    61:20:00: Balancing the network:

              Trial  1: relative flow change = 0.001276
                        maximum  flow change = 0.1416 for Link p110
                        maximum  head error  = 0.0000 for Link p110

    61:20:00: Balanced after 1 trials
   
    61:25:00: Balancing the network:

              Trial  1: relative flow change = 0.001948
                        maximum  flow change = 0.2133 for Link p110
                        maximum  head error  = 0.0000 for Link p110

    61:25:00: Balanced after 1 trials
   
    61:30:00: Balancing the network:

              Trial  1: relative flow change = 0.002888
                        maximum  flow change = 0.3116 for Link p110
                        maximum  head error  = 0.0000 for Link p110

    61:30:00: Balanced after 1 trials
   
    61:35:00: Balancing the network:

              Trial  1: relative flow change = 0.003791
                        maximum  flow change = 0.4006 for Link p110
                        maximum  head error  = 0.0000 for Link p110

    61:35:00: Balanced after 1 trials
   
    61:40:00: Balancing the network:

              Trial  1: relative flow change = 0.004615
                        maximum  flow change = 0.4791 for Link p110
                        maximum  head error  = 0.0000 for Link p110

    61:40:00: Balanced after 1 trials
   
    61:45:00: Balancing the network:

              Trial  1: relative flow change = 0.005173
                        maximum  flow change = 0.5278 for Link p110
                        maximum  head error  = 0.0000 for Link p110

    61:45:00: Balanced after 1 trials
   
    61:50:00: Balancing the network:

              Trial  1: relative flow change = 0.005361
                        maximum  flow change = 0.5363 for Link p110
                        maximum  head error  = 0.0000 for Link p110

    61:50:00: Balanced after 1 trials
   
    61:55:00: Balancing the network:

              Trial  1: relative flow change = 0.005094
                        maximum  flow change = 0.5436 for Link p235
                        maximum  head error  = 0.0000 for Link p110

    61:55:00: Balanced after 1 trials
   
    62:00:00: Balancing the network:

              Trial  1: relative flow change = 0.004609
                        maximum  flow change = 0.5113 for Link p227
                        maximum  head error  = 0.0000 for Link p110

    62:00:00: Balanced after 1 trials
   
    62:05:00: Balancing the network:

              Trial  1: relative flow change = 0.003870
                        maximum  flow change = 0.4599 for Link p227
                        maximum  head error  = 0.0000 for Link p110

    62:05:00: Balanced after 1 trials
   
    62:10:00: Balancing the network:

              Trial  1: relative flow change = 0.003173
                        maximum  flow change = 0.3826 for Link PRV-1
                        maximum  head error  = 0.0000 for Link p110

    62:10:00: Balanced after 1 trials
   
    62:15:00: Balancing the network:

              Trial  1: relative flow change = 0.002712
                        maximum  flow change = 0.3120 for Link PRV-1
                        maximum  head error  = 0.0000 for Link p110

    62:15:00: Balanced after 1 trials
   
    62:20:00: Balancing the network:

              Trial  1: relative flow change = 0.002542
                        maximum  flow change = 0.2658 for Link PRV-1
                        maximum  head error  = 0.0000 for Link p110

    62:20:00: Balanced after 1 trials
   
    62:25:00: Balancing the network:

              Trial  1: relative flow change = 0.002904
                        maximum  flow change = 0.2645 for Link p110
                        maximum  head error  = 0.0000 for Link p110

    62:25:00: Balanced after 1 trials
   
    62:30:00: Balancing the network:

              Trial  1: relative flow change = 0.003609
                        maximum  flow change = 0.3350 for Link p110
                        maximum  head error  = 0.0000 for Link p110

    62:30:00: Balanced after 1 trials
   
    62:35:00: Balancing the network:

              Trial  1: relative flow change = 0.004718
                        maximum  flow change = 0.4467 for Link p110
                        maximum  head error  = 0.0000 for Link p110

    62:35:00: Balanced after 1 trials
   
    62:40:00: Balancing the network:

              Trial  1: relative flow change = 0.005977
                        maximum  flow change = 0.5685 for Link p110
                        maximum  head error  = 0.0000 for Link p110

    62:40:00: Balanced after 1 trials
   
    62:45:00: Balancing the network:

              Trial  1: relative flow change = 0.007306
                        maximum  flow change = 0.6953 for Link p110
                        maximum  head error  = 0.0000 for Link p110

    62:45:00: Balanced after 1 trials
   
    62:50:00: Balancing the network:

              Trial  1: relative flow change = 0.008477
                        maximum  flow change = 0.8008 for Link p110
                        maximum  head error  = 0.0000 for Link p110

    62:50:00: Balanced after 1 trials
   
    62:55:00: Balancing the network:

              Trial  1: relative flow change = 0.009304
                        maximum  flow change = 0.8704 for Link p110
                        maximum  head error  = 0.0000 for Link p110

    62:55:00: Balanced after 1 trials
   
    63:00:00: Balancing the network:

              Trial  1: relative flow change = 0.009578
                        maximum  flow change = 0.8964 for Link PRV-1
                        maximum  head error  = 0.0000 for Link p110

    63:00:00: Balanced after 1 trials
   
    63:05:00: Balancing the network:

              Trial  1: relative flow change = 0.009374
                        maximum  flow change = 0.9081 for Link p227
                        maximum  head error  = 0.0000 for Link p110

    63:05:00: Balanced after 1 trials
   
    63:10:00: Balancing the network:

              Trial  1: relative flow change = 0.008782
                        maximum  flow change = 0.8755 for Link p227
                        maximum  head error  = 0.0000 for Link p110

    63:10:00: Balanced after 1 trials
   
    63:15:00: Balancing the network:

              Trial  1: relative flow change = 0.007691
                        maximum  flow change = 0.8093 for Link p235
                        maximum  head error  = 0.0000 for Link p110

    63:15:00: Balanced after 1 trials
   
    63:20:00: Balancing the network:

              Trial  1: relative flow change = 0.006410
                        maximum  flow change = 0.7030 for Link p235
                        maximum  head error  = 0.0000 for Link p110

    63:20:00: Balanced after 1 trials
   
    63:25:00: Balancing the network:

              Trial  1: relative flow change = 0.005057
                        maximum  flow change = 0.5842 for Link p235
                        maximum  head error  = 0.0000 for Link p110

    63:25:00: Balanced after 1 trials
   
    63:30:00: Balancing the network:

              Trial  1: relative flow change = 0.003809
                        maximum  flow change = 0.4602 for Link p235
                        maximum  head error  = 0.0000 for Link p110

    63:30:00: Balanced after 1 trials
   
    63:35:00: Balancing the network:

              Trial  1: relative flow change = 0.002725
                        maximum  flow change = 0.3488 for Link p235
                        maximum  head error  = 0.0000 for Link p235

    63:35:00: Balanced after 1 trials
   
    63:40:00: Balancing the network:

              Trial  1: relative flow change = 0.001942
                        maximum  flow change = 0.2509 for Link p235
                        maximum  head error  = 0.0000 for Link p235

    63:40:00: Balanced after 1 trials
   
    63:45:00: Balancing the network:

              Trial  1: relative flow change = 0.001364
                        maximum  flow change = 0.1804 for Link p235
                        maximum  head error  = 0.0000 for Link p235

    63:45:00: Balanced after 1 trials
   
    63:50:00: Balancing the network:

              Trial  1: relative flow change = 0.001025
                        maximum  flow change = 0.1262 for Link p235
                        maximum  head error  = 0.0000 for Link p110

    63:50:00: Balanced after 1 trials
   
    63:55:00: Balancing the network:

              Trial  1: relative flow change = 0.000772
                        maximum  flow change = 0.0939 for Link PRV-2
                        maximum  head error  = 0.0000 for Link p235

    63:55:00: Balanced after 1 trials
   
    64:00:00: Balancing the network:

              Trial  1: relative flow change = 0.000555
                        maximum  flow change = 0.0676 for Link PRV-2
                        maximum  head error  = 0.0000 for Link p153

    64:00:00: Balanced after 1 trials
   
    64:05:00: Balancing the network:

              Trial  1: relative flow change = 0.000415
                        maximum  flow change = 0.0441 for Link PRV-2
                        maximum  head error  = 0.0000 for Link p153

    64:05:00: Balanced after 1 trials
   
    64:10:00: Balancing the network:

              Trial  1: relative flow change = 0.000303
                        maximum  flow change = 0.0299 for Link PRV-2
                        maximum  head error  = 0.0000 for Link p153

    64:10:00: Balanced after 1 trials
   
    64:15:00: Balancing the network:

              Trial  1: relative flow change = 0.000411
                        maximum  flow change = 0.0208 for Link p182
                        maximum  head error  = 0.0000 for Link p319

    64:15:00: Balanced after 1 trials
   
    64:20:00: Balancing the network:

              Trial  1: relative flow change = 0.000742
                        maximum  flow change = 0.0518 for Link p110
                        maximum  head error  = 0.0000 for Link p319

    64:20:00: Balanced after 1 trials
   
    64:25:00: Balancing the network:

              Trial  1: relative flow change = 0.000999
                        maximum  flow change = 0.0743 for Link p110
                        maximum  head error  = 0.0000 for Link p110

    64:25:00: Balanced after 1 trials
   
    64:30:00: Balancing the network:

              Trial  1: relative flow change = 0.001365
                        maximum  flow change = 0.1089 for Link p110
                        maximum  head error  = 0.0000 for Link p110

    64:30:00: Balanced after 1 trials
   
    64:35:00: Balancing the network:

              Trial  1: relative flow change = 0.001675
                        maximum  flow change = 0.1362 for Link p110
                        maximum  head error  = 0.0000 for Link p110

    64:35:00: Balanced after 1 trials
   
    64:40:00: Balancing the network:

              Trial  1: relative flow change = 0.001974
                        maximum  flow change = 0.1650 for Link p110
                        maximum  head error  = 0.0000 for Link p110

    64:40:00: Balanced after 1 trials
   
    64:45:00: Balancing the network:

              Trial  1: relative flow change = 0.002142
                        maximum  flow change = 0.1797 for Link PRV-1
                        maximum  head error  = 0.0000 for Link p110

    64:45:00: Balanced after 1 trials
   
    64:50:00: Balancing the network:

              Trial  1: relative flow change = 0.002429
                        maximum  flow change = 0.2079 for Link p110
                        maximum  head error  = 0.0000 for Link p110

    64:50:00: Balanced after 1 trials
   
    64:55:00: Balancing the network:

              Trial  1: relative flow change = 0.002548
                        maximum  flow change = 0.2229 for Link PRV-1
                        maximum  head error  = 0.0000 for Link p110

    64:55:00: Balanced after 1 trials
   
    65:00:00: Balancing the network:

              Trial  1: relative flow change = 0.002742
                        maximum  flow change = 0.2399 for Link p110
                        maximum  head error  = 0.0000 for Link p110

    65:00:00: Balanced after 1 trials
   
    65:05:00: Balancing the network:

              Trial  1: relative flow change = 0.002737
                        maximum  flow change = 0.2534 for Link p227
                        maximum  head error  = 0.0000 for Link p110

    65:05:00: Balanced after 1 trials
   
    65:10:00: Balancing the network:

              Trial  1: relative flow change = 0.002779
                        maximum  flow change = 0.2522 for Link p227
                        maximum  head error  = 0.0000 for Link p110

    65:10:00: Balanced after 1 trials
   
    65:15:00: Balancing the network:

              Trial  1: relative flow change = 0.002627
                        maximum  flow change = 0.2576 for Link PRV-1
                        maximum  head error  = 0.0000 for Link p110

    65:15:00: Balanced after 1 trials
   
    65:20:00: Balancing the network:

              Trial  1: relative flow change = 0.002509
                        maximum  flow change = 0.2421 for Link PRV-1
                        maximum  head error  = 0.0000 for Link p110

    65:20:00: Balanced after 1 trials
   
    65:25:00: Balancing the network:

              Trial  1: relative flow change = 0.002254
                        maximum  flow change = 0.2327 for Link p227
                        maximum  head error  = 0.0000 for Link p110

    65:25:00: Balanced after 1 trials
   
    65:30:00: Balancing the network:

              Trial  1: relative flow change = 0.002016
                        maximum  flow change = 0.2078 for Link PRV-1
                        maximum  head error  = 0.0000 for Link p110

    65:30:00: Balanced after 1 trials
   
    65:35:00: Balancing the network:

              Trial  1: relative flow change = 0.001885
                        maximum  flow change = 0.1866 for Link PRV-1
                        maximum  head error  = 0.0000 for Link p110

    65:35:00: Balanced after 1 trials
   
    65:40:00: Balancing the network:

              Trial  1: relative flow change = 0.001719
                        maximum  flow change = 0.1755 for Link p227
                        maximum  head error  = 0.0000 for Link p110

    65:40:00: Balanced after 1 trials
   
    65:45:00: Balancing the network:

              Trial  1: relative flow change = 0.001732
                        maximum  flow change = 0.1598 for Link PRV-1
                        maximum  head error  = 0.0000 for Link p110

    65:45:00: Balanced after 1 trials
   
    65:50:00: Balancing the network:

              Trial  1: relative flow change = 0.001787
                        maximum  flow change = 0.1636 for Link p110
                        maximum  head error  = 0.0000 for Link p110

    65:50:00: Balanced after 1 trials
   
    65:55:00: Balancing the network:

              Trial  1: relative flow change = 0.001916
                        maximum  flow change = 0.1765 for Link p110
                        maximum  head error  = 0.0000 for Link p110

    65:55:00: Balanced after 1 trials
   
    66:00:00: Balancing the network:

              Trial  1: relative flow change = 0.002109
                        maximum  flow change = 0.1947 for Link p110
                        maximum  head error  = 0.0000 for Link p110

    66:00:00: Balanced after 1 trials
   
    66:05:00: Balancing the network:

              Trial  1: relative flow change = 0.002372
                        maximum  flow change = 0.2204 for Link p110
                        maximum  head error  = 0.0000 for Link p110

    66:05:00: Balanced after 1 trials
   
    66:06:28: Pump PUMP_1 changed by Tank T1 control
    66:06:28: Balancing the network:

              Trial  1: relative flow change = 0.987965
              PRV PRV-3 switched from active to open
              Trial  2: relative flow change = 0.986596
              Pump PUMP_1 switched from open to closed
              Trial  3: relative flow change = 6.083243
              PRV PRV-3 switched from open to active
              Trial  4: relative flow change = 1.541173
              Pump PUMP_1 switched from closed to open
              Trial  5: relative flow change = 0.964574
              PRV PRV-3 switched from active to open
              Trial  6: relative flow change = 0.937778
              PRV PRV-3 switched from open to active
              Trial  7: relative flow change = 0.881618
              Trial  8: relative flow change = 0.797696
              Trial  9: relative flow change = 0.663012
              Trial 10: relative flow change = 0.481284
              Trial 11: relative flow change = 0.277902
              Trial 12: relative flow change = 0.106951
              Trial 13: relative flow change = 0.018476
              Trial 14: relative flow change = 0.000936
                        maximum  flow change = 0.9912 for Link PRV-2
                        maximum  head error  = 0.0001 for Link PUMP_1

    66:06:28: Balanced after 14 trials
    66:06:28: Tank T1 is filling at 2.40 m
    66:06:28: Pump PUMP_1 changed from closed to open
   
    66:10:00: Balancing the network:

              Trial  1: relative flow change = 0.001615
                        maximum  flow change = 0.2325 for Link p110
                        maximum  head error  = 0.0000 for Link p110

    66:10:00: Balanced after 1 trials
   
    66:15:00: Balancing the network:

              Trial  1: relative flow change = 0.001878
                        maximum  flow change = 0.2496 for Link p110
                        maximum  head error  = 0.0000 for Link p110

    66:15:00: Balanced after 1 trials
   
    66:20:00: Balancing the network:

              Trial  1: relative flow change = 0.002013
                        maximum  flow change = 0.2663 for Link p110
                        maximum  head error  = 0.0000 for Link p110

    66:20:00: Balanced after 1 trials
   
    66:25:00: Balancing the network:

              Trial  1: relative flow change = 0.002100
                        maximum  flow change = 0.2809 for Link PRV-1
                        maximum  head error  = 0.0000 for Link p110

    66:25:00: Balanced after 1 trials
   
    66:30:00: Balancing the network:

              Trial  1: relative flow change = 0.002186
                        maximum  flow change = 0.2932 for Link p227
                        maximum  head error  = 0.0000 for Link p110

    66:30:00: Balanced after 1 trials
   
    66:35:00: Balancing the network:

              Trial  1: relative flow change = 0.002176
                        maximum  flow change = 0.3058 for Link p227
                        maximum  head error  = 0.0000 for Link p110

    66:35:00: Balanced after 1 trials
   
    66:40:00: Balancing the network:

              Trial  1: relative flow change = 0.002074
                        maximum  flow change = 0.3038 for Link PRV-1
                        maximum  head error  = 0.0000 for Link p110

    66:40:00: Balanced after 1 trials
   
    66:45:00: Balancing the network:

              Trial  1: relative flow change = 0.001884
                        maximum  flow change = 0.2884 for Link PRV-1
                        maximum  head error  = 0.0000 for Link p110

    66:45:00: Balanced after 1 trials
   
    66:50:00: Balancing the network:

              Trial  1: relative flow change = 0.001560
                        maximum  flow change = 0.2608 for Link p227
                        maximum  head error  = 0.0000 for Link p110

    66:50:00: Balanced after 1 trials
   
    66:55:00: Balancing the network:

              Trial  1: relative flow change = 0.001195
                        maximum  flow change = 0.2136 for Link PRV-1
                        maximum  head error  = 0.0000 for Link p110

    66:55:00: Balanced after 1 trials
   
    67:00:00: Balancing the network:

              Trial  1: relative flow change = 0.000702
                        maximum  flow change = 0.1614 for Link p227
                        maximum  head error  = 0.0000 for Link PUMP_1

    67:00:00: Balanced after 1 trials
   
    67:05:00: Balancing the network:

              Trial  1: relative flow change = 0.000300
                        maximum  flow change = 0.0894 for Link p227
                        maximum  head error  = 0.0000 for Link PUMP_1

    67:05:00: Balanced after 1 trials
   
    67:10:00: Balancing the network:

              Trial  1: relative flow change = 0.000195
                        maximum  flow change = 0.0315 for Link PRV-1
                        maximum  head error  = 0.0000 for Link PUMP_1

    67:10:00: Balanced after 1 trials
   
    67:15:00: Balancing the network:

              Trial  1: relative flow change = 0.000257
                        maximum  flow change = 0.0379 for Link p110
                        maximum  head error  = 0.0000 for Link PUMP_1

    67:15:00: Balanced after 1 trials
   
    67:20:00: Balancing the network:

              Trial  1: relative flow change = 0.000249
                        maximum  flow change = 0.0383 for Link p235
                        maximum  head error  = 0.0000 for Link PUMP_1

    67:20:00: Balanced after 1 trials
   
    67:25:00: Balancing the network:

              Trial  1: relative flow change = 0.000094
                        maximum  flow change = 0.0350 for Link PRV-2
                        maximum  head error  = 0.0000 for Link PUMP_1

    67:25:00: Balanced after 1 trials
   
    67:30:00: Balancing the network:

              Trial  1: relative flow change = 0.000409
                        maximum  flow change = 0.0563 for Link p110
                        maximum  head error  = 0.0000 for Link PUMP_1

    67:30:00: Balanced after 1 trials
   
    67:35:00: Balancing the network:

              Trial  1: relative flow change = 0.000757
                        maximum  flow change = 0.1022 for Link p110
                        maximum  head error  = 0.0000 for Link PUMP_1

    67:35:00: Balanced after 1 trials
   
    67:40:00: Balancing the network:

              Trial  1: relative flow change = 0.001054
                        maximum  flow change = 0.1402 for Link p110
                        maximum  head error  = 0.0000 for Link p110

    67:40:00: Balanced after 1 trials
   
    67:45:00: Balancing the network:

              Trial  1: relative flow change = 0.001117
                        maximum  flow change = 0.1520 for Link p227
                        maximum  head error  = 0.0000 for Link p110

    67:45:00: Balanced after 1 trials
   
    67:50:00: Balancing the network:

              Trial  1: relative flow change = 0.000870
                        maximum  flow change = 0.1575 for Link PRV-1
                        maximum  head error  = 0.0000 for Link PUMP_1

    67:50:00: Balanced after 1 trials
   
    67:55:00: Balancing the network:

              Trial  1: relative flow change = 0.000413
                        maximum  flow change = 0.1176 for Link p227
                        maximum  head error  = 0.0000 for Link PUMP_1

    67:55:00: Balanced after 1 trials
   
    68:00:00: Balancing the network:

              Trial  1: relative flow change = 0.000415
                        maximum  flow change = 0.0650 for Link p110
                        maximum  head error  = 0.0000 for Link PUMP_1

    68:00:00: Balanced after 1 trials
   
    68:05:00: Balancing the network:

              Trial  1: relative flow change = 0.000976
                        maximum  flow change = 0.1495 for Link p110
                        maximum  head error  = 0.0000 for Link p110

    68:05:00: Balanced after 1 trials
   
    68:10:00: Balancing the network:

              Trial  1: relative flow change = 0.001488
                        maximum  flow change = 0.2169 for Link p110
                        maximum  head error  = 0.0000 for Link p110

    68:10:00: Balanced after 1 trials
   
    68:15:00: Balancing the network:

              Trial  1: relative flow change = 0.001605
                        maximum  flow change = 0.2255 for Link p110
                        maximum  head error  = 0.0000 for Link p110

    68:15:00: Balanced after 1 trials
   
    68:20:00: Balancing the network:

              Trial  1: relative flow change = 0.001365
                        maximum  flow change = 0.2279 for Link p235
                        maximum  head error  = 0.0000 for Link p110

    68:20:00: Balanced after 1 trials
   
    68:25:00: Balancing the network:

              Trial  1: relative flow change = 0.000658
                        maximum  flow change = 0.1874 for Link p235
                        maximum  head error  = 0.0000 for Link p235

    68:25:00: Balanced after 1 trials
   
    68:30:00: Balancing the network:

              Trial  1: relative flow change = 0.000395
                        maximum  flow change = 0.0820 for Link PRV-2
                        maximum  head error  = 0.0000 for Link PUMP_1

    68:30:00: Balanced after 1 trials
   
    68:35:00: Balancing the network:

              Trial  1: relative flow change = 0.001293
                        maximum  flow change = 0.1851 for Link p110
                        maximum  head error  = 0.0000 for Link p110

    68:35:00: Balanced after 1 trials
   
    68:40:00: Balancing the network:

              Trial  1: relative flow change = 0.002158
                        maximum  flow change = 0.3007 for Link p110
                        maximum  head error  = 0.0000 for Link p110

    68:40:00: Balanced after 1 trials
   
    68:45:00: Balancing the network:

              Trial  1: relative flow change = 0.002658
                        maximum  flow change = 0.3641 for Link p110
                        maximum  head error  = 0.0000 for Link p110

    68:45:00: Balanced after 1 trials
   
    68:50:00: Balancing the network:

              Trial  1: relative flow change = 0.002719
                        maximum  flow change = 0.3796 for Link PRV-1
                        maximum  head error  = 0.0000 for Link p110

    68:50:00: Balanced after 1 trials
   
    68:55:00: Balancing the network:

              Trial  1: relative flow change = 0.002252
                        maximum  flow change = 0.3843 for Link p227
                        maximum  head error  = 0.0000 for Link p110

    68:55:00: Balanced after 1 trials
   
    69:00:00: Balancing the network:

              Trial  1: relative flow change = 0.001482
                        maximum  flow change = 0.3132 for Link PRV-1
                        maximum  head error  = 0.0000 for Link p235

    69:00:00: Balanced after 1 trials
   
    69:05:00: Balancing the network:

              Trial  1: relative flow change = 0.000441
                        maximum  flow change = 0.2014 for Link p227
                        maximum  head error  = 0.0000 for Link p235

    69:05:00: Balanced after 1 trials
   
    69:10:00: Balancing the network:

              Trial  1: relative flow change = 0.000744
                        maximum  flow change = 0.1167 for Link p110
                        maximum  head error  = 0.0000 for Link p110

    69:10:00: Balanced after 1 trials
   
    69:15:00: Balancing the network:

              Trial  1: relative flow change = 0.001693
                        maximum  flow change = 0.2521 for Link p110
                        maximum  head error  = 0.0000 for Link p110

    69:15:00: Balanced after 1 trials
   
    69:20:00: Balancing the network:

              Trial  1: relative flow change = 0.002577
                        maximum  flow change = 0.3721 for Link p110
                        maximum  head error  = 0.0000 for Link p110

    69:20:00: Balanced after 1 trials
   
    69:25:00: Balancing the network:

              Trial  1: relative flow change = 0.003341
                        maximum  flow change = 0.4746 for Link p110
                        maximum  head error  = 0.0000 for Link p110

    69:25:00: Balanced after 1 trials
   
    69:30:00: Balancing the network:

              Trial  1: relative flow change = 0.004006
                        maximum  flow change = 0.5617 for Link p110
                        maximum  head error  = 0.0000 for Link p110

    69:30:00: Balanced after 1 trials
   
    69:35:00: Balancing the network:

              Trial  1: relative flow change = 0.004771
                        maximum  flow change = 0.6648 for Link p110
                        maximum  head error  = 0.0000 for Link p110

    69:35:00: Balanced after 1 trials
   
    69:40:00: Balancing the network:

              Trial  1: relative flow change = 0.005686
                        maximum  flow change = 0.7859 for Link p110
                        maximum  head error  = 0.0000 for Link p110

    69:40:00: Balanced after 1 trials
   
    69:45:00: Balancing the network:

              Trial  1: relative flow change = 0.006701
                        maximum  flow change = 0.9154 for Link p110
                        maximum  head error  = 0.0000 for Link p110

    69:45:00: Balanced after 1 trials
   
    69:50:00: Balancing the network:

              Trial  1: relative flow change = 0.007872
                        maximum  flow change = 1.0631 for Link p110
                        maximum  head error  = 0.0000 for Link p110

    69:50:00: Balanced after 1 trials
   
    69:55:00: Balancing the network:

              Trial  1: relative flow change = 0.008917
                        maximum  flow change = 1.1863 for Link p110
                        maximum  head error  = 0.0000 for Link p110

    69:55:00: Balanced after 1 trials
   
    70:00:00: Balancing the network:

              Trial  1: relative flow change = 0.009656
                        maximum  flow change = 1.2637 for Link p110
                        maximum  head error  = 0.0000 for Link p110

    70:00:00: Balanced after 1 trials
   
    70:05:00: Balancing the network:

              Trial  1: relative flow change = 0.009950
                        maximum  flow change = 1.2909 for Link p227
                        maximum  head error  = 0.0000 for Link p110

    70:05:00: Balanced after 1 trials
   
    70:10:00: Balancing the network:

              Trial  1: relative flow change = 0.009627
                        maximum  flow change = 1.3138 for Link PRV-1
                        maximum  head error  = 0.0000 for Link p110

    70:10:00: Balanced after 1 trials
   
    70:15:00: Balancing the network:

              Trial  1: relative flow change = 0.008620
                        maximum  flow change = 1.2541 for Link p227
                        maximum  head error  = 0.0000 for Link p110

    70:15:00: Balanced after 1 trials
   
    70:20:00: Balancing the network:

              Trial  1: relative flow change = 0.007220
                        maximum  flow change = 1.1072 for Link PRV-1
                        maximum  head error  = 0.0000 for Link p110

    70:20:00: Balanced after 1 trials
   
    70:25:00: Balancing the network:

              Trial  1: relative flow change = 0.005559
                        maximum  flow change = 0.9169 for Link PRV-1
                        maximum  head error  = 0.0000 for Link p110

    70:25:00: Balanced after 1 trials
   
    70:30:00: Balancing the network:

              Trial  1: relative flow change = 0.004114
                        maximum  flow change = 0.6973 for Link PRV-1
                        maximum  head error  = 0.0000 for Link p235

    70:30:00: Balanced after 1 trials
   
    70:35:00: Balancing the network:

              Trial  1: relative flow change = 0.003049
                        maximum  flow change = 0.5131 for Link p227
                        maximum  head error  = 0.0000 for Link p235

    70:35:00: Balanced after 1 trials
   
    70:40:00: Balancing the network:

              Trial  1: relative flow change = 0.002621
                        maximum  flow change = 0.3793 for Link p227
                        maximum  head error  = 0.0000 for Link p110

    70:40:00: Balanced after 1 trials
   
    70:45:00: Balancing the network:

              Trial  1: relative flow change = 0.002897
                        maximum  flow change = 0.3493 for Link p110
                        maximum  head error  = 0.0000 for Link p110

    70:45:00: Balanced after 1 trials
   
    70:50:00: Balancing the network:

              Trial  1: relative flow change = 0.003696
                        maximum  flow change = 0.4530 for Link p110
                        maximum  head error  = 0.0000 for Link p110

    70:50:00: Balanced after 1 trials
   
    70:55:00: Balancing the network:

              Trial  1: relative flow change = 0.004902
                        maximum  flow change = 0.6037 for Link p110
                        maximum  head error  = 0.0000 for Link p110

    70:55:00: Balanced after 1 trials
   
    71:00:00: Balancing the network:

              Trial  1: relative flow change = 0.006136
                        maximum  flow change = 0.7507 for Link p110
                        maximum  head error  = 0.0000 for Link p110

    71:00:00: Balanced after 1 trials
   
    71:05:00: Balancing the network:

              Trial  1: relative flow change = 0.007237
                        maximum  flow change = 0.8768 for Link p110
                        maximum  head error  = 0.0000 for Link p110

    71:05:00: Balanced after 1 trials
   
    71:10:00: Balancing the network:

              Trial  1: relative flow change = 0.007963
                        maximum  flow change = 0.9554 for Link p110
                        maximum  head error  = 0.0000 for Link p110

    71:10:00: Balanced after 1 trials
   
    71:15:00: Balancing the network:

              Trial  1: relative flow change = 0.008348
                        maximum  flow change = 0.9931 for Link p110
                        maximum  head error  = 0.0000 for Link p110

    71:15:00: Balanced after 1 trials
   
    71:20:00: Balancing the network:

              Trial  1: relative flow change = 0.008399
                        maximum  flow change = 1.0230 for Link p227
                        maximum  head error  = 0.0000 for Link p110

    71:20:00: Balanced after 1 trials
   
    71:25:00: Balancing the network:

              Trial  1: relative flow change = 0.008297
                        maximum  flow change = 1.0158 for Link PRV-1
                        maximum  head error  = 0.0000 for Link p110

    71:25:00: Balanced after 1 trials
   
    71:30:00: Balancing the network:

              Trial  1: relative flow change = 0.008261
                        maximum  flow change = 0.9921 for Link p227
                        maximum  head error  = 0.0000 for Link p110

    71:30:00: Balanced after 1 trials
   
    71:35:00: Balancing the network:

              Trial  1: relative flow change = 0.008478
                        maximum  flow change = 0.9932 for Link p110
                        maximum  head error  = 0.0000 for Link p110

    71:35:00: Balanced after 1 trials
   
    71:40:00: Balancing the network:

              Trial  1: relative flow change = 0.008984
                        maximum  flow change = 1.0496 for Link p110
                        maximum  head error  = 0.0000 for Link p110

    71:40:00: Balanced after 1 trials
   
    71:45:00: Balancing the network:

              Trial  1: relative flow change = 0.009786
                        maximum  flow change = 1.1371 for Link p110
                        maximum  head error  = 0.0000 for Link p110

    71:45:00: Balanced after 1 trials
   
    71:50:00: Balancing the network:

              Trial  1: relative flow change = 0.010632
              Trial  2: relative flow change = 0.001511
                        maximum  flow change = 1.2229 for Link PRV-2
                        maximum  head error  = 0.0000 for Link p235

    71:50:00: Balanced after 2 trials
   
    71:55:00: Balancing the network:

              Trial  1: relative flow change = 0.010196
              Trial  2: relative flow change = 0.001620
                        maximum  flow change = 1.2773 for Link PRV-2
                        maximum  head error  = 0.0000 for Link p235

    71:55:00: Balanced after 2 trials
   
    72:00:00: Balancing the network:

              Trial  1: relative flow change = 0.010674
              Trial  2: relative flow change = 0.001714
                        maximum  flow change = 1.3231 for Link p235
                        maximum  head error  = 0.0000 for Link p235

    72:00:00: Balanced after 2 trials
   
  Water Quality Mass Balance (mg)
  ================================
  Initial Mass:       0.00000e+00
  Mass Inflow:        1.28612e+10
  Mass Outflow:       1.18308e+10
  Mass Reacted:       0.00000e+00
  Final Mass:         1.01241e+09
  Mass Ratio:         0.99860
  ================================

  Analysis ended Thu Sep  3 16:05:51 2026
